reporterISO,flowCode,refYear,regime_index,primaryValue,share
BIH,M,2003,0.0,69296000.0,2.34
BIH,M,2003,1.0,73924404.0,2.5
BIH,M,2003,2.0,819215355.0,27.66
BIH,M,2003,3.0,1999412798.0,67.51
BIH,M,2004,0.0,136865413.0,3.19
BIH,M,2004,1.0,170467432.0,3.97
BIH,M,2004,2.0,1196146250.0,27.85
BIH,M,2004,3.0,2791409287.0,64.99
BIH,M,2005,0.0,256209833.0,4.05
BIH,M,2005,1.0,305043018.0,4.83
BIH,M,2005,2.0,1823504824.0,28.85
BIH,M,2005,3.0,3935478519.0,62.27
BIH,M,2006,0.0,276899833.0,3.67
BIH,M,2006,1.0,325820235.0,4.32
BIH,M,2006,2.0,2876984084.0,38.14
BIH,M,2006,3.0,4064141496.0,53.87
BIH,M,2007,0.0,445665439.0,4.6
BIH,M,2007,1.0,293260191.0,3.02
BIH,M,2007,2.0,3829669094.0,39.5
BIH,M,2007,3.0,5126210339.0,52.88
BIH,M,2008,0.0,618977925.0,5.09
BIH,M,2008,1.0,348702015.0,2.87
BIH,M,2008,2.0,3469838300.0,28.55
BIH,M,2008,3.0,7717505281.0,63.49
BIH,M,2009,0.0,399808614.0,4.79
BIH,M,2009,1.0,699998390.0,8.39
BIH,M,2009,2.0,1988223377.0,23.84
BIH,M,2009,3.0,5253410054.0,62.98
BIH,M,2010,0.0,472608133.0,5.14
BIH,M,2010,1.0,918105970.0,9.99
BIH,M,2010,2.0,2173114577.0,23.65
BIH,M,2010,3.0,5626115676.0,61.22
BIH,M,2011,0.0,585272633.0,5.31
BIH,M,2011,1.0,1334314668.0,12.1
BIH,M,2011,2.0,2830123660.0,25.66
BIH,M,2011,3.0,6278089471.0,56.93
BIH,M,2012,0.0,578343839.0,5.78
BIH,M,2012,1.0,1273443503.0,12.74
BIH,M,2012,2.0,2486272045.0,24.87
BIH,M,2012,3.0,5659658339.0,56.61
BIH,M,2013,0.0,672422159.0,6.55
BIH,M,2013,1.0,1261404672.0,12.29
BIH,M,2013,2.0,2487565616.0,24.24
BIH,M,2013,3.0,5840433422.0,56.91
BIH,M,2014,0.0,1008013335.0,9.21
BIH,M,2014,1.0,1546055860.0,14.13
BIH,M,2014,2.0,3138842205.0,28.68
BIH,M,2014,3.0,5250765637.0,47.98
BIH,M,2015,0.0,719359863.0,8.03
BIH,M,2015,1.0,2071173507.0,23.13
BIH,M,2015,2.0,1619688054.0,18.09
BIH,M,2015,3.0,4543668265.0,50.75
BIH,M,2016,0.0,709076799.0,7.8
BIH,M,2016,1.0,2035784682.0,22.38
BIH,M,2016,2.0,1646394632.0,18.1
BIH,M,2016,3.0,4705235012.0,51.73
BIH,M,2017,0.0,807114512.9700001,7.73
BIH,M,2017,1.0,2406344305.91,23.05
BIH,M,2017,2.0,2147286320.3799999,20.57
BIH,M,2017,3.0,5077353583.234,48.64
BIH,M,2018,0.0,934956430.2099999,8.07
BIH,M,2018,1.0,2675193537.6,23.08
BIH,M,2018,2.0,2343776887.586,20.22
BIH,M,2018,3.0,5635894223.775,48.63
BIH,M,2019,0.0,889333635.6200001,7.99
BIH,M,2019,1.0,2675851614.506,24.05
BIH,M,2019,2.0,2054759307.992,18.47
BIH,M,2019,3.0,5506503336.001,49.49
BIH,M,2020,0.0,857718604.64,8.72
BIH,M,2020,1.0,2401512150.79,24.42
BIH,M,2020,2.0,1817798997.74,18.48
BIH,M,2020,3.0,4758880507.842,48.38
BIH,M,2021,0.0,1142182638.21,8.79
BIH,M,2021,1.0,3398581832.84,26.16
BIH,M,2021,2.0,2534416112.812,19.51
BIH,M,2021,3.0,5916365239.778,45.54
BIH,M,2022,0.0,1490203876.7800002,9.71
BIH,M,2022,1.0,3956685083.1499996,25.79
BIH,M,2022,2.0,4380209864.72,28.55
BIH,M,2022,3.0,5514563819.581,35.95
BIH,M,2023,0.0,1697710977.06,11.09
BIH,M,2023,1.0,3530359682.665,23.06
BIH,M,2023,2.0,3237883344.8980002,21.15
BIH,M,2023,3.0,6844295264.811,44.7
BIH,M,2024,0.0,1797369407.8830001,11.37
BIH,M,2024,1.0,3590765019.147,22.71
BIH,M,2024,2.0,4230582459.0889997,26.75
BIH,M,2024,3.0,6193739205.676,39.17
BIH,X,2003,0.0,5461065.0,0.59
BIH,X,2003,1.0,16909097.0,1.82
BIH,X,2003,2.0,228661748.0,24.66
BIH,X,2003,3.0,676372825.0,72.93
BIH,X,2004,0.0,21136050.0,1.56
BIH,X,2004,1.0,12776642.0,0.95
BIH,X,2004,2.0,364230428.0,26.95
BIH,X,2004,3.0,953115511.0,70.54
BIH,X,2005,0.0,14530864.0,0.72
BIH,X,2005,1.0,31814047.0,1.58
BIH,X,2005,2.0,561662875.0,27.89
BIH,X,2005,3.0,1405869047.0,69.81
BIH,X,2006,0.0,6464458.0,0.19
BIH,X,2006,1.0,29738520.0,0.87
BIH,X,2006,2.0,1208799237.0,35.34
BIH,X,2006,3.0,2175949617.0,63.61
BIH,X,2007,0.0,7751741.0,0.19
BIH,X,2007,1.0,150310888.0,3.62
BIH,X,2007,2.0,1486096678.0,35.83
BIH,X,2007,3.0,2503223476.0,60.36
BIH,X,2008,0.0,29108900.0,0.58
BIH,X,2008,1.0,225087997.0,4.52
BIH,X,2008,2.0,1034611030.0,20.77
BIH,X,2008,3.0,3692322217.0,74.13
BIH,X,2009,0.0,35083057.0,0.92
BIH,X,2009,1.0,228056748.0,5.96
BIH,X,2009,2.0,843448682.0,22.06
BIH,X,2009,3.0,2716973262.0,71.06
BIH,X,2010,0.0,83020431.0,1.8
BIH,X,2010,1.0,303436043.0,6.56
BIH,X,2010,2.0,945226128.0,20.45
BIH,X,2010,3.0,3290366192.0,71.19
BIH,X,2011,0.0,52452335.0,0.94
BIH,X,2011,1.0,322436672.0,5.76
BIH,X,2011,2.0,1297115836.0,23.15
BIH,X,2011,3.0,3930523186.0,70.16
BIH,X,2012,0.0,47797379.0,0.98
BIH,X,2012,1.0,366482968.0,7.49
BIH,X,2012,2.0,1112783826.0,22.76
BIH,X,2012,3.0,3362669284.0,68.77
BIH,X,2013,0.0,34612628.0,0.64
BIH,X,2013,1.0,185613370.0,3.44
BIH,X,2013,2.0,1404278027.0,26.0
BIH,X,2013,3.0,3776396883.0,69.92
BIH,X,2014,0.0,66660389.0,1.19
BIH,X,2014,1.0,546295581.0,9.73
BIH,X,2014,2.0,1515811261.0,27.0
BIH,X,2014,3.0,3486139704.0,62.09
BIH,X,2015,0.0,51212155.0,1.06
BIH,X,2015,1.0,967365113.0,20.01
BIH,X,2015,2.0,770483461.0,15.94
BIH,X,2015,3.0,3044512108.0,62.99
BIH,X,2016,0.0,57780473.0,1.15
BIH,X,2016,1.0,994792016.0,19.76
BIH,X,2016,2.0,827020099.0,16.43
BIH,X,2016,3.0,3154105276.0,62.66
BIH,X,2017,0.0,89010116.17,1.42
BIH,X,2017,1.0,1411120037.24,22.57
BIH,X,2017,2.0,1166754170.62,18.66
BIH,X,2017,3.0,3584986197.7999997,57.34
BIH,X,2018,0.0,112506589.74000001,1.58
BIH,X,2018,1.0,1451955399.14,20.41
BIH,X,2018,2.0,1428123070.41,20.08
BIH,X,2018,3.0,4119819915.87,57.92
BIH,X,2019,0.0,96837050.69999999,1.47
BIH,X,2019,1.0,1506587871.55,22.95
BIH,X,2019,2.0,1149796908.512,17.51
BIH,X,2019,3.0,3812494993.294,58.07
BIH,X,2020,0.0,61414705.362,1.0
BIH,X,2020,1.0,1327153665.25,21.61
BIH,X,2020,2.0,1208270221.322,19.67
BIH,X,2020,3.0,3545558727.2120004,57.72
BIH,X,2021,0.0,82522148.69,0.96
BIH,X,2021,1.0,1850353241.08,21.53
BIH,X,2021,2.0,1811207905.656,21.07
BIH,X,2021,3.0,4851894107.14,56.44
BIH,X,2022,0.0,110489531.685,1.14
BIH,X,2022,1.0,1821005919.31,18.86
BIH,X,2022,2.0,4145016973.511,42.93
BIH,X,2022,3.0,3578945524.6549997,37.07
BIH,X,2023,0.0,89153462.34899999,0.97
BIH,X,2023,1.0,1659276719.776,18.01
BIH,X,2023,2.0,3338442405.033,36.24
BIH,X,2023,3.0,4124826518.433,44.78
BIH,X,2024,0.0,109500725.886,1.23
BIH,X,2024,1.0,1538917614.015,17.34
BIH,X,2024,2.0,4009693131.335,45.17
BIH,X,2024,3.0,3219276445.19,36.26
BOL,M,2000,0.0,75334673.0,3.8
BOL,M,2000,1.0,109195326.0,5.51
BOL,M,2000,2.0,770686159.0,38.91
BOL,M,2000,3.0,1025622837.0,51.78
BOL,M,2001,0.0,90626344.0,5.38
BOL,M,2001,1.0,112537838.0,6.68
BOL,M,2001,2.0,734671552.0,43.6
BOL,M,2001,3.0,747149859.0,44.34
BOL,M,2002,0.0,100062143.0,5.51
BOL,M,2002,1.0,5230908.0,0.29
BOL,M,2002,2.0,929043794.0,51.18
BOL,M,2002,3.0,780873393.0,43.02
BOL,M,2003,0.0,89688895.0,5.34
BOL,M,2003,1.0,19073771.0,1.14
BOL,M,2003,2.0,864677797.0,51.46
BOL,M,2003,3.0,706981829.0,42.07
BOL,M,2004,0.0,114809585.0,6.02
BOL,M,2004,1.0,13826985.0,0.73
BOL,M,2004,2.0,1074006757.0,56.31
BOL,M,2004,3.0,704521807.0,36.94
BOL,M,2005,0.0,169077272.0,6.96
BOL,M,2005,1.0,49965703.0,2.06
BOL,M,2005,2.0,1251786074.0,51.55
BOL,M,2005,3.0,957622673.0,39.43
BOL,M,2006,0.0,239367572.0,8.22
BOL,M,2006,1.0,70969995.0,2.44
BOL,M,2006,2.0,1416010132.0,48.64
BOL,M,2006,3.0,1185121987.0,40.71
BOL,M,2007,0.0,324749539.0,9.09
BOL,M,2007,1.0,75667038.0,2.12
BOL,M,2007,2.0,1758587707.0,49.24
BOL,M,2007,3.0,1412342488.0,39.55
BOL,M,2008,0.0,482659385.0,9.52
BOL,M,2008,1.0,271940751.0,5.36
BOL,M,2008,2.0,2349010426.0,46.32
BOL,M,2008,3.0,1967696358.0,38.8
BOL,M,2009,0.0,426290972.0,9.39
BOL,M,2009,1.0,344191040.0,7.58
BOL,M,2009,2.0,2039856505.0,44.93
BOL,M,2009,3.0,1729612070.0,38.1
BOL,M,2010,0.0,672752696.4100001,12.08
BOL,M,2010,1.0,373690098.40999997,6.71
BOL,M,2010,2.0,2496019638.16,44.82
BOL,M,2010,3.0,2026119522.43,36.38
BOL,M,2011,0.0,1139893703.03,14.43
BOL,M,2011,1.0,615866732.65,7.8
BOL,M,2011,2.0,3467603561.09,43.91
BOL,M,2011,3.0,2674033617.65,33.86
BOL,M,2012,0.0,1332027963.31,15.6
BOL,M,2012,1.0,622148217.54,7.28
BOL,M,2012,2.0,3812962248.41,44.64
BOL,M,2012,3.0,2774064465.07,32.48
BOL,M,2013,0.0,1509435615.48,15.66
BOL,M,2013,1.0,241680037.13,2.51
BOL,M,2013,2.0,4002813687.6,41.53
BOL,M,2013,3.0,3885468247.64,40.31
BOL,M,2014,0.0,1926763701.77,18.15
BOL,M,2014,1.0,334508925.95,3.15
BOL,M,2014,2.0,4373216753.46,41.2
BOL,M,2014,3.0,3980693950.2,37.5
BOL,M,2015,0.0,1964036033.05,20.05
BOL,M,2015,1.0,104066210.13,1.06
BOL,M,2015,2.0,4201662169.66,42.89
BOL,M,2015,3.0,3527013818.32,36.0
BOL,M,2016,0.0,1889436784.5700002,22.17
BOL,M,2016,1.0,113312122.61,1.33
BOL,M,2016,2.0,3731525665.29,43.78
BOL,M,2016,3.0,2788393798.79,32.72
BOL,M,2017,0.0,2204727831.95,23.64
BOL,M,2017,1.0,121548208.23,1.3
BOL,M,2017,2.0,4209146855.25,45.14
BOL,M,2017,3.0,2790063246.93,29.92
BOL,M,2018,0.0,2309257990.5499997,23.2
BOL,M,2018,1.0,478255426.25,4.8
BOL,M,2018,2.0,4121644437.8999996,41.41
BOL,M,2018,3.0,3044768296.65,30.59
BOL,M,2019,0.0,2320490450.49,23.72
BOL,M,2019,1.0,640710844.42,6.55
BOL,M,2019,2.0,4495883791.64,45.95
BOL,M,2019,3.0,2327555657.59,23.79
BOL,M,2020,0.0,1682648680.32,23.74
BOL,M,2020,1.0,497473746.79,7.02
BOL,M,2020,2.0,3305189884.28,46.63
BOL,M,2020,3.0,1602351009.05,22.61
BOL,M,2021,0.0,2131778530.89,22.25
BOL,M,2021,1.0,608576857.1800001,6.35
BOL,M,2021,2.0,5096415965.28,53.18
BOL,M,2021,3.0,1746288898.5600002,18.22
BOL,M,2022,0.0,2699813156.0,20.75
BOL,M,2022,1.0,703388685.0,5.41
BOL,M,2022,2.0,5481923371.0,42.14
BOL,M,2022,3.0,4124865297.0,31.71
BOL,M,2023,0.0,2612810206.0,22.85
BOL,M,2023,1.0,527231697.0,4.61
BOL,M,2023,2.0,4738024308.0,41.44
BOL,M,2023,3.0,3554117759.0,31.09
BOL,M,2024,0.0,2290811142.0,23.24
BOL,M,2024,1.0,433552470.0,4.4
BOL,M,2024,2.0,4244189516.0,43.06
BOL,M,2024,3.0,2887866054.0,29.3
BOL,X,2000,0.0,8255132.0,0.57
BOL,X,2000,1.0,67966373.0,4.66
BOL,X,2000,2.0,495881349.0,34.03
BOL,X,2000,3.0,884979552.0,60.74
BOL,X,2001,0.0,6220828.18,0.46
BOL,X,2001,1.0,70978369.71000001,5.3
BOL,X,2001,2.0,691302090.9399999,51.61
BOL,X,2001,3.0,570897552.6,42.62
BOL,X,2002,0.0,10413061.799999999,0.76
BOL,X,2002,1.0,7114199.17,0.52
BOL,X,2002,2.0,783440377.81,57.45
BOL,X,2002,3.0,562645321.68,41.26
BOL,X,2003,0.0,17213751.540000003,1.03
BOL,X,2003,1.0,188987330.54,11.35
BOL,X,2003,2.0,853641583.0600001,51.26
BOL,X,2003,3.0,605548440.69,36.36
BOL,X,2004,0.0,30857347.900000002,1.37
BOL,X,2004,1.0,263206957.69,11.67
BOL,X,2004,2.0,1192576875.4,52.87
BOL,X,2004,3.0,769074413.29,34.09
BOL,X,2005,0.0,25576098.18,0.87
BOL,X,2005,1.0,193054193.55,6.58
BOL,X,2005,2.0,1769884310.3100002,60.29
BOL,X,2005,3.0,947012008.11,32.26
BOL,X,2006,0.0,39926057.36,0.95
BOL,X,2006,1.0,226381542.34,5.39
BOL,X,2006,2.0,2507963714.2999997,59.7
BOL,X,2006,3.0,1426911632.82,33.96
BOL,X,2007,0.0,63778255.15,1.32
BOL,X,2007,1.0,273863486.12,5.66
BOL,X,2007,2.0,2734329134.88,56.47
BOL,X,2007,3.0,1770046653.16,36.56
BOL,X,2008,0.0,136375650.71,1.96
BOL,X,2008,1.0,278979112.45,4.0
BOL,X,2008,2.0,4227881214.0399995,60.68
BOL,X,2008,3.0,2324107123.86,33.36
BOL,X,2009,0.0,135264783.42000002,2.47
BOL,X,2009,1.0,305435756.39000005,5.58
BOL,X,2009,2.0,2868426446.83,52.4
BOL,X,2009,3.0,2165265468.95,39.55
BOL,X,2010,0.0,216354731.4,3.07
BOL,X,2010,1.0,358612339.21,5.09
BOL,X,2010,2.0,3798044563.83,53.94
BOL,X,2010,3.0,2668706279.7,37.9
BOL,X,2011,0.0,342480248.31,3.72
BOL,X,2011,1.0,315808708.44,3.43
BOL,X,2011,2.0,5084664103.849999,55.24
BOL,X,2011,3.0,3461576242.45,37.61
BOL,X,2012,0.0,330190522.19,2.76
BOL,X,2012,1.0,363388249.76,3.03
BOL,X,2012,2.0,7215977295.559999,60.24
BOL,X,2012,3.0,4070129208.33,33.98
BOL,X,2013,0.0,334408736.09999996,2.71
BOL,X,2013,1.0,251093844.55,2.03
BOL,X,2013,2.0,8144312291.2,66.0
BOL,X,2013,3.0,3610642594.92,29.26
BOL,X,2014,0.0,536778036.78999996,4.12
BOL,X,2014,1.0,290770920.40999997,2.23
BOL,X,2014,2.0,7872996136.969999,60.47
BOL,X,2014,3.0,4319060279.88,33.17
BOL,X,2015,0.0,546000958.67,6.15
BOL,X,2015,1.0,130186238.61,1.47
BOL,X,2015,2.0,5216726316.990001,58.73
BOL,X,2015,3.0,2989959929.74,33.66
BOL,X,2016,0.0,710265561.55,9.79
BOL,X,2016,1.0,128746079.53,1.77
BOL,X,2016,2.0,3456569189.19,47.65
BOL,X,2016,3.0,2958911763.11,40.79
BOL,X,2017,0.0,851624204.3,10.18
BOL,X,2017,1.0,103861385.04,1.24
BOL,X,2017,2.0,4277658505.77,51.13
BOL,X,2017,3.0,3132347526.83,37.44
BOL,X,2018,0.0,851731188.95,9.39
BOL,X,2018,1.0,870524635.6699998,9.6
BOL,X,2018,2.0,4255077926.6,46.91
BOL,X,2018,3.0,3094175194.67,34.11
BOL,X,2019,0.0,1318414005.42,14.8
BOL,X,2019,1.0,847830315.04,9.52
BOL,X,2019,2.0,4075499557.59,45.75
BOL,X,2019,3.0,2667367907.67,29.94
BOL,X,2020,0.0,755013860.29,10.76
BOL,X,2020,1.0,851714779.3,12.13
BOL,X,2020,2.0,3379339770.25,48.14
BOL,X,2020,3.0,2034050337.01,28.97
BOL,X,2021,0.0,1078243476.17,9.73
BOL,X,2021,1.0,2085695725.32,18.83
BOL,X,2021,2.0,4691123337.559999,42.35
BOL,X,2021,3.0,3221593120.7999997,29.08
BOL,X,2022,0.0,1457494099.82,10.68
BOL,X,2022,1.0,2394727436.52,17.54
BOL,X,2022,2.0,6124360660.63,44.87
BOL,X,2022,3.0,3673963362.33,26.91
BOL,X,2023,0.0,2439055501.2799997,22.34
BOL,X,2023,1.0,1393461248.16,12.76
BOL,X,2023,2.0,4704502459.55,43.09
BOL,X,2023,3.0,2379836262.98,21.8
BOL,X,2024,0.0,1935027934.6000001,21.37
BOL,X,2024,1.0,432574015.65000004,4.78
BOL,X,2024,2.0,3695780481.1699996,40.81
BOL,X,2024,3.0,2993344552.55,33.05
BRA,M,2000,0.0,3117677391.0,5.28
BRA,M,2000,1.0,4670054665.0,7.9
BRA,M,2000,2.0,12955980054.0,21.93
BRA,M,2000,3.0,38334003276.0,64.89
BRA,M,2001,0.0,3407629010.0,5.79
BRA,M,2001,1.0,4435496227.0,7.54
BRA,M,2001,2.0,11831585920.0,20.12
BRA,M,2001,3.0,39144725323.0,66.55
BRA,M,2002,0.0,3478632141.0,6.97
BRA,M,2002,1.0,3690103554.0,7.39
BRA,M,2002,2.0,10336791962.0,20.7
BRA,M,2002,3.0,32435657514.0,64.95
BRA,M,2003,0.0,4295378023.0,8.41
BRA,M,2003,1.0,5074657701.0,9.94
BRA,M,2003,2.0,9774749487.0,19.14
BRA,M,2003,3.0,31931670395.0,62.52
BRA,M,2004,0.0,6788308880.0,10.25
BRA,M,2004,1.0,8422743603.0,12.72
BRA,M,2004,2.0,11638086177.0,17.57
BRA,M,2004,3.0,39390558406.0,59.47
BRA,M,2005,0.0,8847036098.0,11.47
BRA,M,2005,1.0,9496159036.0,12.31
BRA,M,2005,2.0,13730394470.0,17.8
BRA,M,2005,3.0,45055463747.0,58.42
BRA,M,2006,0.0,12873120608.0,13.57
BRA,M,2006,1.0,12070330820.0,12.72
BRA,M,2006,2.0,17691431915.0,18.64
BRA,M,2006,3.0,52251119761.0,55.07
BRA,M,2007,0.0,19499878443.0,15.57
BRA,M,2007,1.0,15809069726.0,12.62
BRA,M,2007,2.0,22619954988.0,18.06
BRA,M,2007,3.0,67300576738.0,53.74
BRA,M,2008,0.0,33402063686.0,18.59
BRA,M,2008,1.0,21492008441.0,11.96
BRA,M,2008,2.0,31379530762.0,17.47
BRA,M,2008,3.0,93379169364.0,51.98
BRA,M,2009,0.0,21085888571.0,15.9
BRA,M,2009,1.0,14152406252.0,10.67
BRA,M,2009,2.0,24261604310.0,18.3
BRA,M,2009,3.0,73100559208.0,55.13
BRA,M,2010,0.0,33576944126.0,17.71
BRA,M,2010,1.0,19502399678.0,10.28
BRA,M,2010,2.0,34133692839.0,18.0
BRA,M,2010,3.0,102419814239.0,54.01
BRA,M,2011,0.0,42626242385.0,18.2
BRA,M,2011,1.0,27506092404.0,11.74
BRA,M,2011,2.0,42511661948.0,18.15
BRA,M,2011,3.0,121560271348.0,51.9
BRA,M,2012,0.0,45173905883.0,19.53
BRA,M,2012,1.0,24918166857.0,10.77
BRA,M,2012,2.0,42458426075.0,18.35
BRA,M,2012,3.0,118780870221.0,51.35
BRA,M,2013,0.0,49120571361.0,19.77
BRA,M,2013,1.0,17747460286.0,7.14
BRA,M,2013,2.0,55372035426.0,22.29
BRA,M,2013,3.0,126193000788.0,50.8
BRA,M,2014,0.0,49700881657.0,20.96
BRA,M,2014,1.0,18522748935.0,7.81
BRA,M,2014,2.0,52229093818.0,22.03
BRA,M,2014,3.0,116620807454.0,49.19
BRA,M,2015,0.0,41221871316.0,23.15
BRA,M,2015,1.0,10445507483.0,5.87
BRA,M,2015,2.0,36541238202.0,20.52
BRA,M,2015,3.0,89846923663.0,50.46
BRA,M,2016,0.0,31581836303.0,22.01
BRA,M,2016,1.0,7833735132.0,5.46
BRA,M,2016,2.0,27135066078.0,18.91
BRA,M,2016,3.0,76954140225.0,53.62
BRA,M,2017,0.0,37672011003.0,23.02
BRA,M,2017,1.0,10453398810.0,6.39
BRA,M,2017,2.0,30374853195.0,18.56
BRA,M,2017,3.0,85172184286.0,52.04
BRA,M,2018,0.0,46557676792.0,24.44
BRA,M,2018,1.0,15888472926.0,8.34
BRA,M,2018,2.0,31778177367.0,16.68
BRA,M,2018,3.0,96299544469.0,50.54
BRA,M,2019,0.0,44750202596.0,23.45
BRA,M,2019,1.0,20291847693.0,10.63
BRA,M,2019,2.0,32249690263.0,16.9
BRA,M,2019,3.0,93571695341.0,49.03
BRA,M,2020,0.0,43422068564.0,26.45
BRA,M,2020,1.0,17115152891.0,10.42
BRA,M,2020,2.0,24815707561.0,15.11
BRA,M,2020,3.0,78837984034.0,48.02
BRA,M,2021,0.0,64705685942.0,27.92
BRA,M,2021,1.0,27194304042.0,11.74
BRA,M,2021,2.0,39315240875.0,16.97
BRA,M,2021,3.0,100500596008.0,43.37
BRA,M,2022,0.0,88350760391.0,30.55
BRA,M,2022,1.0,31165976934.0,10.78
BRA,M,2022,2.0,37729039125.0,13.05
BRA,M,2022,3.0,131914366807.0,45.62
BRA,M,2023,0.0,71173390086.0,28.45
BRA,M,2023,1.0,30460914421.0,12.18
BRA,M,2023,2.0,37768525384.0,15.1
BRA,M,2023,3.0,110768679798.0,44.28
BRA,M,2024,0.0,82907519406.0,30.19
BRA,M,2024,1.0,33507580947.0,12.2
BRA,M,2024,2.0,44974538830.0,16.38
BRA,M,2024,3.0,113254205272.0,41.24
BRA,X,2000,0.0,2934840117.0,5.49
BRA,X,2000,1.0,2448716978.0,4.58
BRA,X,2000,2.0,12301576420.0,23.02
BRA,X,2000,3.0,35752971349.0,66.91
BRA,X,2001,0.0,4408623737.0,7.84
BRA,X,2001,1.0,3607501907.0,6.42
BRA,X,2001,2.0,11803915682.0,21.0
BRA,X,2001,3.0,36401582897.0,64.75
BRA,X,2002,0.0,5268378554.0,9.05
BRA,X,2002,1.0,4142884919.0,7.11
BRA,X,2002,2.0,10728346184.0,18.42
BRA,X,2002,3.0,38099581498.0,65.42
BRA,X,2003,0.0,7469481795.0,10.61
BRA,X,2003,1.0,5475845369.0,7.78
BRA,X,2003,2.0,13465400402.0,19.12
BRA,X,2003,3.0,43997963455.0,62.49
BRA,X,2004,0.0,9403661396.0,10.22
BRA,X,2004,1.0,8095632630.0,8.8
BRA,X,2004,2.0,19840460511.0,21.57
BRA,X,2004,3.0,54656945477.0,59.41
BRA,X,2005,0.0,11914393087.0,10.48
BRA,X,2005,1.0,11702668619.0,10.29
BRA,X,2005,2.0,25135820596.0,22.11
BRA,X,2005,3.0,64938055640.0,57.12
BRA,X,2006,0.0,14655621763.0,11.1
BRA,X,2006,1.0,16162624114.0,12.24
BRA,X,2006,2.0,28193568128.0,21.35
BRA,X,2006,3.0,73065386363.0,55.32
BRA,X,2007,0.0,18328248881.0,11.92
BRA,X,2007,1.0,19109655503.0,12.42
BRA,X,2007,2.0,31504485341.0,20.48
BRA,X,2007,3.0,84858181928.0,55.17
BRA,X,2008,0.0,29716455278.0,16.08
BRA,X,2008,1.0,20224028850.0,10.94
BRA,X,2008,2.0,37806245344.0,20.45
BRA,X,2008,3.0,97094607405.0,52.53
BRA,X,2009,0.0,30568525903.0,21.18
BRA,X,2009,1.0,18296418685.0,12.68
BRA,X,2009,2.0,29779764383.0,20.63
BRA,X,2009,3.0,65686142509.0,45.51
BRA,X,2010,0.0,42206935092.0,22.13
BRA,X,2010,1.0,22638888068.0,11.87
BRA,X,2010,2.0,40179466967.0,21.07
BRA,X,2010,3.0,85712986397.0,44.94
BRA,X,2011,0.0,56875732324.0,23.52
BRA,X,2011,1.0,28357905456.0,11.73
BRA,X,2011,2.0,47398802975.0,19.6
BRA,X,2011,3.0,109172918761.0,45.15
BRA,X,2012,0.0,54260918986.0,23.61
BRA,X,2012,1.0,27832805218.0,12.11
BRA,X,2012,2.0,45235276580.0,19.69
BRA,X,2012,3.0,102448296505.0,44.59
BRA,X,2013,0.0,59558012328.0,26.49
BRA,X,2013,1.0,24330010213.0,10.82
BRA,X,2013,2.0,44705321922.0,19.89
BRA,X,2013,3.0,96216713837.0,42.8
BRA,X,2014,0.0,56520198824.0,26.65
BRA,X,2014,1.0,23276191403.0,10.97
BRA,X,2014,2.0,41101196818.0,19.38
BRA,X,2014,3.0,91214833800.0,43.0
BRA,X,2015,0.0,49388496956.0,27.31
BRA,X,2015,1.0,19077222303.0,10.55
BRA,X,2015,2.0,36483549937.0,20.18
BRA,X,2015,3.0,75871558081.0,41.96
BRA,X,2016,0.0,47923263894.0,27.36
BRA,X,2016,1.0,17930150364.0,10.24
BRA,X,2016,2.0,36827570915.0,21.03
BRA,X,2016,3.0,72471721323.0,41.38
BRA,X,2017,0.0,62454315553.0,29.77
BRA,X,2017,1.0,21105430441.0,10.06
BRA,X,2017,2.0,45599008508.0,21.73
BRA,X,2017,3.0,80643978560.0,38.44
BRA,X,2018,0.0,77909519354.0,34.2
BRA,X,2018,1.0,22556069282.0,9.9
BRA,X,2018,2.0,38947317063.0,17.09
BRA,X,2018,3.0,88419179850.0,38.81
BRA,X,2019,0.0,75877410694.0,34.66
BRA,X,2019,1.0,25117820756.0,11.47
BRA,X,2019,2.0,38107786516.0,17.41
BRA,X,2019,3.0,79794290324.0,36.45
BRA,X,2020,0.0,79712305955.0,38.47
BRA,X,2020,1.0,28127028652.0,13.57
BRA,X,2020,2.0,30937488579.0,14.93
BRA,X,2020,3.0,68448684435.0,33.03
BRA,X,2021,0.0,102822019341.0,36.93
BRA,X,2021,1.0,37934775034.0,13.63
BRA,X,2021,2.0,49715952131.0,17.86
BRA,X,2021,3.0,87913756007.0,31.58
BRA,X,2022,0.0,114415076976.0,34.5
BRA,X,2022,1.0,40569117883.0,12.23
BRA,X,2022,2.0,50592557801.0,15.25
BRA,X,2022,3.0,126104649776.0,38.02
BRA,X,2023,0.0,128253949957.0,38.13
BRA,X,2023,1.0,36825006075.0,10.95
BRA,X,2023,2.0,59081787930.0,17.56
BRA,X,2023,3.0,112201257851.0,33.36
BRA,X,2024,0.0,117832326691.0,35.31
BRA,X,2024,1.0,42387794899.0,12.7
BRA,X,2024,2.0,63220522816.0,18.95
BRA,X,2024,3.0,110249440622.0,33.04
BWA,M,2000,0.0,18875639.0,0.92
BWA,M,2000,1.0,82320667.0,3.99
BWA,M,2000,2.0,15054688.0,0.73
BWA,M,2000,3.0,1946174300.0,94.36
BWA,M,2001,0.0,9845989.0,0.55
BWA,M,2001,1.0,69843434.0,3.88
BWA,M,2001,2.0,12923572.0,0.72
BWA,M,2001,3.0,1705626659.0,94.85
BWA,M,2002,0.0,30534540.0,0.91
BWA,M,2002,1.0,105792369.0,3.15
BWA,M,2002,2.0,40875147.0,1.22
BWA,M,2002,3.0,3182751614.0,94.73
BWA,M,2003,0.0,45552703.0,1.15
BWA,M,2003,1.0,42918699.0,1.08
BWA,M,2003,2.0,30522154.0,0.77
BWA,M,2003,3.0,3837676966.0,96.99
BWA,M,2004,0.0,36509462.0,1.13
BWA,M,2004,1.0,66710153.0,2.06
BWA,M,2004,2.0,35915669.0,1.11
BWA,M,2004,3.0,3091996164.0,95.69
BWA,M,2005,0.0,53989420.0,1.71
BWA,M,2005,1.0,72727743.0,2.3
BWA,M,2005,2.0,49295680.0,1.56
BWA,M,2005,3.0,2982640058.0,94.43
BWA,M,2006,0.0,58181618.0,1.91
BWA,M,2006,1.0,86604042.0,2.84
BWA,M,2006,2.0,60990300.0,2.0
BWA,M,2006,3.0,2841713252.0,93.25
BWA,M,2007,0.0,99448249.0,2.5
BWA,M,2007,1.0,90053057.0,2.26
BWA,M,2007,2.0,66102937.0,1.66
BWA,M,2007,3.0,3720761851.0,93.57
BWA,M,2008,0.0,196603573.0,3.78
BWA,M,2008,1.0,74861825.0,1.44
BWA,M,2008,2.0,86105198.0,1.66
BWA,M,2008,3.0,4845063865.0,93.13
BWA,M,2009,0.0,187948166.0,3.98
BWA,M,2009,1.0,76461124.0,1.62
BWA,M,2009,2.0,70320394.0,1.49
BWA,M,2009,3.0,4386945328.0,92.91
BWA,M,2013,0.0,151197764.0,2.04
BWA,M,2013,1.0,89032387.0,1.2
BWA,M,2013,2.0,620549776.0,8.35
BWA,M,2013,3.0,6568997214.0,88.41
BWA,M,2014,0.0,121522968.298,1.33
BWA,M,2014,1.0,119539391.215,1.31
BWA,M,2014,2.0,7221831695.3689995,78.95
BWA,M,2014,3.0,1684096839.52,18.41
BWA,M,2015,0.0,178087968.868,2.21
BWA,M,2015,1.0,195237458.872,2.43
BWA,M,2015,2.0,6506138334.311,80.88
BWA,M,2015,3.0,1164288835.183,14.47
BWA,M,2016,0.0,156136668.0,2.56
BWA,M,2016,1.0,212638879.0,3.49
BWA,M,2016,2.0,4756750841.0,78.01
BWA,M,2016,3.0,972408267.0,15.95
BWA,M,2017,0.0,236931323.766,4.44
BWA,M,2017,1.0,149147824.87800002,2.8
BWA,M,2017,2.0,4007905283.683,75.14
BWA,M,2017,3.0,939610300.862,17.62
BWA,M,2018,0.0,231904336.28,3.59
BWA,M,2018,1.0,400891376.675,6.21
BWA,M,2018,2.0,4641094494.636001,71.85
BWA,M,2018,3.0,1185324902.919,18.35
BWA,M,2019,0.0,253369650.562,3.81
BWA,M,2019,1.0,649905444.376,9.76
BWA,M,2019,2.0,4405650674.588,66.19
BWA,M,2019,3.0,1346881612.038,20.24
BWA,M,2020,0.0,536150223.787,8.12
BWA,M,2020,1.0,447350152.37700003,6.77
BWA,M,2020,2.0,4366888569.658999,66.13
BWA,M,2020,3.0,1253101409.0,18.98
BWA,M,2021,0.0,669976089.709,7.92
BWA,M,2021,1.0,743795718.218,8.79
BWA,M,2021,2.0,5304205448.072,62.69
BWA,M,2021,3.0,1742725937.4229999,20.6
BWA,M,2022,0.0,393251744.912,4.85
BWA,M,2022,1.0,652882021.1880001,8.05
BWA,M,2022,2.0,5800074897.703,71.52
BWA,M,2022,3.0,1263559378.904,15.58
BWA,M,2023,0.0,299586123.57199997,4.67
BWA,M,2023,1.0,334667305.59099996,5.22
BWA,M,2023,2.0,5275622233.947,82.28
BWA,M,2023,3.0,501828478.371,7.83
BWA,X,2000,0.0,2145777.0,0.08
BWA,X,2000,1.0,124594041.0,4.49
BWA,X,2000,2.0,9069461.0,0.33
BWA,X,2000,3.0,2641045830.0,95.11
BWA,X,2001,0.0,2169602.0,0.09
BWA,X,2001,1.0,80776627.0,3.19
BWA,X,2001,2.0,1329895.0,0.05
BWA,X,2001,3.0,2448162739.0,96.67
BWA,X,2002,0.0,5273833.0,0.19
BWA,X,2002,1.0,90281586.0,3.29
BWA,X,2002,2.0,2623020.0,0.1
BWA,X,2002,3.0,2646589058.0,96.42
BWA,X,2003,0.0,2230184.0,0.06
BWA,X,2003,1.0,105724168.0,2.78
BWA,X,2003,2.0,4456446.0,0.12
BWA,X,2003,3.0,3689033324.0,97.04
BWA,X,2004,0.0,3631597.0,0.1
BWA,X,2004,1.0,140433047.0,4.06
BWA,X,2004,2.0,6019120.0,0.17
BWA,X,2004,3.0,3312015144.0,95.66
BWA,X,2005,0.0,5587505.0,0.13
BWA,X,2005,1.0,206363101.0,4.68
BWA,X,2005,2.0,16977566.0,0.38
BWA,X,2005,3.0,4181077017.0,94.81
BWA,X,2006,0.0,20252834.0,0.45
BWA,X,2006,1.0,278502676.0,6.19
BWA,X,2006,2.0,13846024.0,0.31
BWA,X,2006,3.0,4188526095.0,93.06
BWA,X,2007,0.0,102726679.0,2.03
BWA,X,2007,1.0,377674577.0,7.45
BWA,X,2007,2.0,21417618.0,0.42
BWA,X,2007,3.0,4569095643.0,90.1
BWA,X,2008,0.0,276219123.0,5.6
BWA,X,2008,1.0,243704021.0,4.94
BWA,X,2008,2.0,130002148.0,2.63
BWA,X,2008,3.0,4286482619.0,86.83
BWA,X,2009,0.0,86478423.0,2.51
BWA,X,2009,1.0,209319959.0,6.06
BWA,X,2009,2.0,76410421.0,2.21
BWA,X,2009,3.0,3079409463.0,89.22
BWA,X,2013,0.0,228215016.0,3.01
BWA,X,2013,1.0,253548931.0,3.35
BWA,X,2013,2.0,464865595.0,6.14
BWA,X,2013,3.0,6626580764.0,87.5
BWA,X,2014,0.0,679994099.314,7.96
BWA,X,2014,1.0,552554335.619,6.47
BWA,X,2014,2.0,3146545789.97,36.85
BWA,X,2014,3.0,4158819460.796,48.71
BWA,X,2015,0.0,587024548.978,9.27
BWA,X,2015,1.0,331091954.021,5.23
BWA,X,2015,2.0,2515641898.382,39.74
BWA,X,2015,3.0,2895923548.564,45.75
BWA,X,2016,0.0,999232771.0,13.65
BWA,X,2016,1.0,506444513.0,6.92
BWA,X,2016,2.0,2953959433.0,40.35
BWA,X,2016,3.0,2861004080.0,39.08
BWA,X,2017,0.0,1297857403.428,21.77
BWA,X,2017,1.0,551322146.284,9.25
BWA,X,2017,2.0,1911802014.749,32.06
BWA,X,2017,3.0,2201916811.161,36.93
BWA,X,2018,0.0,1406170912.214,20.93
BWA,X,2018,1.0,1997002314.149,29.73
BWA,X,2018,2.0,815837989.1309999,12.14
BWA,X,2018,3.0,2498724487.032,37.2
BWA,X,2019,0.0,1273495775.7519999,23.97
BWA,X,2019,1.0,1574732296.164,29.64
BWA,X,2019,2.0,687852173.5500001,12.95
BWA,X,2019,3.0,1776755696.0640001,33.44
BWA,X,2020,0.0,1150658123.5709999,26.29
BWA,X,2020,1.0,1306536499.4329998,29.85
BWA,X,2020,2.0,651469675.596,14.89
BWA,X,2020,3.0,1267791068.125,28.97
BWA,X,2021,0.0,2373967107.774,31.81
BWA,X,2021,1.0,1857286575.0419998,24.88
BWA,X,2021,2.0,838975224.952,11.24
BWA,X,2021,3.0,2393274002.46,32.07
BWA,X,2022,0.0,3112496709.7669997,37.21
BWA,X,2022,1.0,1845380386.6620002,22.06
BWA,X,2022,2.0,1038872748.8809999,12.42
BWA,X,2022,3.0,2368059636.602,28.31
BWA,X,2023,0.0,2331566853.601,42.63
BWA,X,2023,1.0,915104279.856,16.73
BWA,X,2023,2.0,773053921.626,14.13
BWA,X,2023,3.0,1449400115.704,26.5
DEU,M,2000,0.0,25733652000.0,5.22
DEU,M,2000,1.0,30920754000.0,6.27
DEU,M,2000,2.0,26733233000.0,5.42
DEU,M,2000,3.0,409402869000.0,83.08
DEU,M,2001,0.0,25376530000.0,5.51
DEU,M,2001,1.0,24480630000.0,5.31
DEU,M,2001,2.0,27298165000.0,5.93
DEU,M,2001,3.0,383483452000.0,83.25
DEU,M,2002,0.0,27449417000.0,5.91
DEU,M,2002,1.0,23872185000.0,5.14
DEU,M,2002,2.0,28355788000.0,6.1
DEU,M,2002,3.0,385029124000.0,82.85
DEU,M,2003,0.0,36594819000.0,6.16
DEU,M,2003,1.0,35376307000.0,5.96
DEU,M,2003,2.0,34125308000.0,5.75
DEU,M,2003,3.0,487499762000.0,82.13
DEU,M,2004,0.0,50997863000.0,7.19
DEU,M,2004,1.0,44248266000.0,6.24
DEU,M,2004,2.0,41358287000.0,5.83
DEU,M,2004,3.0,572903268000.0,80.75
DEU,M,2005,0.0,63456717000.0,8.23
DEU,M,2005,1.0,56485619000.0,7.33
DEU,M,2005,2.0,43736437000.0,5.67
DEU,M,2005,3.0,607329548000.0,78.77
DEU,M,2006,0.0,78089043000.0,8.57
DEU,M,2006,1.0,73258076000.0,8.04
DEU,M,2006,2.0,53062563000.0,5.82
DEU,M,2006,3.0,707233855000.0,77.58
DEU,M,2007,0.0,90110571000.0,8.59
DEU,M,2007,1.0,80735497000.0,7.69
DEU,M,2007,2.0,61641630000.0,5.87
DEU,M,2007,3.0,817044824000.0,77.85
DEU,M,2008,0.0,117861259945.436,10.39
DEU,M,2008,1.0,82518610487.096,7.27
DEU,M,2008,2.0,71299076844.022,6.28
DEU,M,2008,3.0,862962663922.283,76.06
DEU,M,2009,0.0,91439779748.976,10.33
DEU,M,2009,1.0,62285556965.012,7.03
DEU,M,2009,2.0,57879029146.419,6.54
DEU,M,2009,3.0,673785073827.078,76.1
DEU,M,2010,0.0,117443394339.366,11.54
DEU,M,2010,1.0,80471619221.511,7.91
DEU,M,2010,2.0,66728252775.115,6.56
DEU,M,2010,3.0,752886881178.595,73.99
DEU,M,2011,0.0,127914908509.037,10.64
DEU,M,2011,1.0,104580332693.29,8.7
DEU,M,2011,2.0,111529510195.999,9.28
DEU,M,2011,3.0,857667412032.767,71.37
DEU,M,2012,0.0,123666272078.20601,11.16
DEU,M,2012,1.0,97023068463.733,8.76
DEU,M,2012,2.0,100700105108.518,9.09
DEU,M,2012,3.0,786670764579.052,71.0
DEU,M,2013,0.0,115618217198.58,10.2
DEU,M,2013,1.0,97866894368.90399,8.63
DEU,M,2013,2.0,110612687896.499,9.76
DEU,M,2013,3.0,809325813346.997,71.41
DEU,M,2014,0.0,124325719872.707,10.65
DEU,M,2014,1.0,107408143641.344,9.2
DEU,M,2014,2.0,110360222067.497,9.46
DEU,M,2014,3.0,824791310906.028,70.68
DEU,M,2015,0.0,124936035843.794,12.32
DEU,M,2015,1.0,82795892219.842,8.16
DEU,M,2015,2.0,91337834644.594,9.0
DEU,M,2015,3.0,715350088010.529,70.52
DEU,M,2016,0.0,127477652065.95,12.43
DEU,M,2016,1.0,80637068058.226,7.86
DEU,M,2016,2.0,95402950448.784,9.3
DEU,M,2016,3.0,721900686032.46,70.4
DEU,M,2017,0.0,140843785135.043,13.0
DEU,M,2017,1.0,92107826335.762,8.5
DEU,M,2017,2.0,163371606462.468,15.08
DEU,M,2017,3.0,686886196699.772,63.41
DEU,M,2018,0.0,156617577929.474,12.58
DEU,M,2018,1.0,111094682085.2,8.92
DEU,M,2018,2.0,180838851804.205,14.53
DEU,M,2018,3.0,796262542575.951,63.97
DEU,M,2019,0.0,141845888977.85098,11.89
DEU,M,2019,1.0,146952067660.499,12.32
DEU,M,2019,2.0,142498279853.173,11.94
DEU,M,2019,3.0,761934793612.496,63.85
DEU,M,2020,0.0,148933891809.51498,13.14
DEU,M,2020,1.0,132081716619.306,11.65
DEU,M,2020,2.0,158209655807.031,13.95
DEU,M,2020,3.0,694594860715.656,61.26
DEU,M,2021,0.0,189666723401.323,13.97
DEU,M,2021,1.0,162774219662.698,11.99
DEU,M,2021,2.0,255656363953.989,18.83
DEU,M,2021,3.0,749325866615.583,55.2
DEU,M,2022,0.0,247292148146.858,16.58
DEU,M,2022,1.0,180633933137.263,12.11
DEU,M,2022,2.0,321714663855.074,21.57
DEU,M,2022,3.0,742184274684.675,49.75
DEU,M,2023,0.0,219832263777.932,15.52
DEU,M,2023,1.0,153000900137.645,10.8
DEU,M,2023,2.0,262044630740.846,18.5
DEU,M,2023,3.0,781469223189.112,55.17
DEU,M,2024,0.0,208856992721.654,15.04
DEU,M,2024,1.0,149346857579.877,10.76
DEU,M,2024,2.0,289711186764.68097,20.86
DEU,M,2024,3.0,740686052063.942,53.34
DEU,X,2000,0.0,20316925000.0,3.75
DEU,X,2000,1.0,23456616000.0,4.33
DEU,X,2000,2.0,30805286000.0,5.68
DEU,X,2000,3.0,467470393000.0,86.24
DEU,X,2001,0.0,24065695000.0,4.36
DEU,X,2001,1.0,26469767000.0,4.8
DEU,X,2001,2.0,31803938000.0,5.77
DEU,X,2001,3.0,469153392000.0,85.07
DEU,X,2002,0.0,29047775000.0,4.89
DEU,X,2002,1.0,29075749000.0,4.89
DEU,X,2002,2.0,34027581000.0,5.73
DEU,X,2002,3.0,501957528000.0,84.49
DEU,X,2003,0.0,38051906000.0,5.14
DEU,X,2003,1.0,38505006000.0,5.2
DEU,X,2003,2.0,41546091000.0,5.61
DEU,X,2003,3.0,622592587000.0,84.06
DEU,X,2004,0.0,47020069000.0,5.21
DEU,X,2004,1.0,48667398000.0,5.39
DEU,X,2004,2.0,54604218000.0,6.05
DEU,X,2004,3.0,751918504000.0,83.34
DEU,X,2005,0.0,49633667000.0,5.13
DEU,X,2005,1.0,56447497000.0,5.84
DEU,X,2005,2.0,59076187000.0,6.11
DEU,X,2005,3.0,802135530000.0,82.93
DEU,X,2006,0.0,62048095000.0,5.58
DEU,X,2006,1.0,72085257000.0,6.48
DEU,X,2006,2.0,72277095000.0,6.5
DEU,X,2006,3.0,906193313000.0,81.45
DEU,X,2007,0.0,73554891000.0,5.59
DEU,X,2007,1.0,82665478000.0,6.28
DEU,X,2007,2.0,90852273000.0,6.9
DEU,X,2007,3.0,1069901036000.0,81.24
DEU,X,2008,0.0,94918677384.55,6.61
DEU,X,2008,1.0,96396331487.55,6.71
DEU,X,2008,2.0,105555262704.603,7.35
DEU,X,2008,3.0,1139848726630.93,79.34
DEU,X,2009,0.0,84746366753.78,7.61
DEU,X,2009,1.0,74713344295.421,6.71
DEU,X,2009,2.0,76760835469.794,6.89
DEU,X,2009,3.0,877397043603.109,78.79
DEU,X,2010,0.0,109311395200.628,8.74
DEU,X,2010,1.0,86316343844.75,6.9
DEU,X,2010,2.0,91948365671.352,7.36
DEU,X,2010,3.0,962532109740.832,77.0
DEU,X,2011,0.0,131014557775.901,8.97
DEU,X,2011,1.0,108720709428.74599,7.45
DEU,X,2011,2.0,128618375286.134,8.81
DEU,X,2011,3.0,1091634223998.639,74.77
DEU,X,2012,0.0,129414765067.94101,9.33
DEU,X,2012,1.0,109621394237.85199,7.9
DEU,X,2012,2.0,124050874330.116,8.94
DEU,X,2012,3.0,1023862924347.389,73.82
DEU,X,2013,0.0,133986210777.114,9.39
DEU,X,2013,1.0,105316921670.00099,7.38
DEU,X,2013,2.0,133444589672.832,9.35
DEU,X,2013,3.0,1053994816449.17,73.87
DEU,X,2014,0.0,150955272361.68198,10.24
DEU,X,2014,1.0,114994113998.324,7.8
DEU,X,2014,2.0,126425756115.45999,8.58
DEU,X,2014,3.0,1081805440928.154,73.38
DEU,X,2015,0.0,130117370951.68799,9.98
DEU,X,2015,1.0,90018949397.168,6.9
DEU,X,2015,2.0,109998223528.16899,8.44
DEU,X,2015,3.0,973627372899.801,74.68
DEU,X,2016,0.0,134130124381.025,10.19
DEU,X,2016,1.0,91413615587.87,6.94
DEU,X,2016,2.0,109563475282.62401,8.32
DEU,X,2016,3.0,981293970681.502,74.54
DEU,X,2017,0.0,145253557478.805,10.32
DEU,X,2017,1.0,100441055205.825,7.14
DEU,X,2017,2.0,192152270615.38,13.65
DEU,X,2017,3.0,969431010312.942,68.89
DEU,X,2018,0.0,155544278707.583,10.14
DEU,X,2018,1.0,115684389489.297,7.54
DEU,X,2018,2.0,201483126817.048,13.13
DEU,X,2018,3.0,1061366772210.674,69.19
DEU,X,2019,0.0,147090918353.809,10.05
DEU,X,2019,1.0,147301973490.85,10.06
DEU,X,2019,2.0,166847490921.66602,11.4
DEU,X,2019,3.0,1002896851907.057,68.5
DEU,X,2020,0.0,144061641128.415,10.59
DEU,X,2020,1.0,134101101914.382,9.85
DEU,X,2020,2.0,174376217430.781,12.81
DEU,X,2020,3.0,908384643374.729,66.75
DEU,X,2021,0.0,160085870312.098,10.0
DEU,X,2021,1.0,153243954644.747,9.57
DEU,X,2021,2.0,282337418623.864,17.63
DEU,X,2021,3.0,1005883333443.193,62.81
DEU,X,2022,0.0,156690413897.33002,9.47
DEU,X,2022,1.0,136648877065.766,8.26
DEU,X,2022,2.0,375652949211.941,22.7
DEU,X,2022,3.0,985679791684.5449,59.57
DEU,X,2023,0.0,153011023166.928,9.15
DEU,X,2023,1.0,151044816155.33,9.03
DEU,X,2023,2.0,329928897057.459,19.73
DEU,X,2023,3.0,1038244532530.603,62.09
DEU,X,2024,0.0,141869208416.965,8.5
DEU,X,2024,1.0,146185948078.671,8.76
DEU,X,2024,2.0,367888647741.086,22.04
DEU,X,2024,3.0,1013177929930.454,60.7
ECU,M,2000,0.0,93012459.0,2.77
ECU,M,2000,1.0,186176223.0,5.55
ECU,M,2000,2.0,1241201461.0,36.97
ECU,M,2000,3.0,1837086590.0,54.72
ECU,M,2001,0.0,211461798.0,4.05
ECU,M,2001,1.0,235371484.0,4.5
ECU,M,2001,2.0,1841931474.0,35.24
ECU,M,2001,3.0,2938625506.0,56.22
ECU,M,2002,0.0,266068034.0,4.23
ECU,M,2002,1.0,89824830.0,1.43
ECU,M,2002,2.0,2536896268.0,40.29
ECU,M,2002,3.0,3403711067.0,54.06
ECU,M,2003,0.0,511537994.0,8.03
ECU,M,2003,1.0,517556041.0,8.13
ECU,M,2003,2.0,2169029821.0,34.06
ECU,M,2003,3.0,3170543528.0,49.78
ECU,M,2004,0.0,739258425.0,9.54
ECU,M,2004,1.0,751674747.0,9.7
ECU,M,2004,2.0,2758774038.0,35.6
ECU,M,2004,3.0,3498664813.0,45.15
ECU,M,2005,0.0,723124782.0,7.65
ECU,M,2005,1.0,656522844.0,6.95
ECU,M,2005,2.0,3745931726.0,39.63
ECU,M,2005,3.0,4327393738.0,45.78
ECU,M,2006,0.0,1002727563.0,8.43
ECU,M,2006,1.0,764154942.0,6.43
ECU,M,2006,2.0,4367004589.0,36.73
ECU,M,2006,3.0,5756406974.0,48.41
ECU,M,2007,0.0,1454188309.0,10.93
ECU,M,2007,1.0,1756285313.0,13.2
ECU,M,2007,2.0,4260381383.0,32.03
ECU,M,2007,3.0,5831591279.0,43.84
ECU,M,2008,0.0,2292920838.0,12.45
ECU,M,2008,1.0,2983480408.0,16.19
ECU,M,2008,2.0,5373715850.0,29.17
ECU,M,2008,3.0,7772962753.0,42.19
ECU,M,2009,0.0,1350824724.0,9.26
ECU,M,2009,1.0,1162748080.0,7.97
ECU,M,2009,2.0,4585196867.0,31.42
ECU,M,2009,3.0,7496742741.0,51.36
ECU,M,2010,0.0,1813230814.0,9.14
ECU,M,2010,1.0,1089151922.0,5.49
ECU,M,2010,2.0,6676463296.0,33.67
ECU,M,2010,3.0,10252801739.0,51.7
ECU,M,2011,0.0,3471220780.0,14.67
ECU,M,2011,1.0,1897345817.0,8.02
ECU,M,2011,2.0,7774576041.0,32.85
ECU,M,2011,3.0,10526800078.0,44.47
ECU,M,2012,0.0,3164440152.0,12.86
ECU,M,2012,1.0,962923237.0,3.91
ECU,M,2012,2.0,7976233674.0,32.43
ECU,M,2012,3.0,12494277130.0,50.79
ECU,M,2013,0.0,4700087035.0,17.77
ECU,M,2013,1.0,680821681.0,2.57
ECU,M,2013,2.0,8096044592.0,30.61
ECU,M,2013,3.0,12970465508.0,49.04
ECU,M,2014,0.0,5034907406.0,18.66
ECU,M,2014,1.0,782337397.0,2.9
ECU,M,2014,2.0,7420339002.0,27.5
ECU,M,2014,3.0,13748930129.0,50.95
ECU,M,2015,0.0,4613659142.0,21.9
ECU,M,2015,1.0,465761059.0,2.21
ECU,M,2015,2.0,5766888302.0,27.37
ECU,M,2015,3.0,10224863284.0,48.53
ECU,M,2016,0.0,3430755975.0,21.49
ECU,M,2016,1.0,399284016.0,2.5
ECU,M,2016,2.0,4598510939.0,28.8
ECU,M,2016,3.0,7538704352.0,47.21
ECU,M,2017,0.0,4193553744.3500004,21.4
ECU,M,2017,1.0,446929298.41999996,2.28
ECU,M,2017,2.0,6289754129.32,32.1
ECU,M,2017,3.0,8664461225.09,44.22
ECU,M,2018,0.0,4991607715.950001,21.97
ECU,M,2018,1.0,944175456.087,4.15
ECU,M,2018,2.0,6662134130.615999,29.32
ECU,M,2018,3.0,10127150802.69,44.56
ECU,M,2019,0.0,4844595967.693,22.04
ECU,M,2019,1.0,1198840507.494,5.45
ECU,M,2019,2.0,6666433989.66,30.33
ECU,M,2019,3.0,9270311085.457,42.18
ECU,M,2020,0.0,4236471557.989,24.38
ECU,M,2020,1.0,1204932981.855,6.93
ECU,M,2020,2.0,4600098752.146,26.48
ECU,M,2020,3.0,7333667774.0,42.21
ECU,M,2021,0.0,6752298844.12,26.61
ECU,M,2021,1.0,1939981485.1590002,7.65
ECU,M,2021,2.0,6628629994.1380005,26.12
ECU,M,2021,3.0,10052702636.005,39.62
ECU,M,2022,0.0,8072067095.3,24.66
ECU,M,2022,1.0,1445872162.0,4.42
ECU,M,2022,2.0,7460452509.8,22.79
ECU,M,2022,3.0,15752445880.699999,48.13
ECU,M,2023,0.0,7248734273.599999,23.74
ECU,M,2023,1.0,1260152416.3,4.13
ECU,M,2023,2.0,7794231049.9,25.52
ECU,M,2023,3.0,14234260857.6,46.61
ECU,M,2024,0.0,7012259454.756,23.95
ECU,M,2024,1.0,1238538417.518,4.23
ECU,M,2024,2.0,7416685521.758,25.33
ECU,M,2024,3.0,13608518493.105,46.48
ECU,X,2000,0.0,93306038.0,2.0
ECU,X,2000,1.0,431946286.0,9.25
ECU,X,2000,2.0,978381945.0,20.94
ECU,X,2000,3.0,3167864957.0,67.81
ECU,X,2001,0.0,42615179.0,0.93
ECU,X,2001,1.0,482626887.0,10.56
ECU,X,2001,2.0,1068874817.0,23.39
ECU,X,2001,3.0,2975082094.0,65.11
ECU,X,2002,0.0,38767583.0,0.78
ECU,X,2002,1.0,226970204.0,4.58
ECU,X,2002,2.0,1306653917.0,26.35
ECU,X,2002,3.0,3387330751.0,68.3
ECU,X,2003,0.0,45193863.0,0.75
ECU,X,2003,1.0,346565027.0,5.77
ECU,X,2003,2.0,1648114845.0,27.45
ECU,X,2003,3.0,3964343547.0,66.03
ECU,X,2004,0.0,111598975.0,1.47
ECU,X,2004,1.0,413739665.0,5.46
ECU,X,2004,2.0,2360645639.0,31.13
ECU,X,2004,3.0,4697680896.0,61.94
ECU,X,2005,0.0,39859618.0,0.41
ECU,X,2005,1.0,458247388.0,4.66
ECU,X,2005,2.0,2617876493.0,26.62
ECU,X,2005,3.0,6718299405.0,68.32
ECU,X,2006,0.0,227333672.0,1.79
ECU,X,2006,1.0,674628853.0,5.32
ECU,X,2006,2.0,2691106042.0,21.21
ECU,X,2006,3.0,9097004311.0,71.69
ECU,X,2007,0.0,97816099.0,0.74
ECU,X,2007,1.0,919906644.0,6.92
ECU,X,2007,2.0,3566032503.0,26.81
ECU,X,2007,3.0,8715077417.0,65.53
ECU,X,2008,0.0,452763119.0,2.42
ECU,X,2008,1.0,1350760353.0,7.22
ECU,X,2008,2.0,4480153811.0,23.96
ECU,X,2008,3.0,12417170408.0,66.4
ECU,X,2009,0.0,172725059.0,1.26
ECU,X,2009,1.0,1293757735.0,9.43
ECU,X,2009,2.0,4333524286.0,31.6
ECU,X,2009,3.0,7913726897.0,57.71
ECU,X,2010,0.0,433623345.0,2.52
ECU,X,2010,1.0,2039599565.0,11.85
ECU,X,2010,2.0,4935712265.0,28.67
ECU,X,2010,3.0,9807397772.0,56.97
ECU,X,2011,0.0,302161223.0,1.39
ECU,X,2011,1.0,2526148629.0,11.6
ECU,X,2011,2.0,4678470763.0,21.49
ECU,X,2011,3.0,14267686896.0,65.52
ECU,X,2012,0.0,622921679.0,2.62
ECU,X,2012,1.0,2114685643.0,8.89
ECU,X,2012,2.0,4896376463.0,20.59
ECU,X,2012,3.0,16150867548.0,67.9
ECU,X,2013,0.0,1100499552.0,4.43
ECU,X,2013,1.0,1675946739.0,6.74
ECU,X,2013,2.0,4513574028.0,18.15
ECU,X,2013,3.0,17578174718.0,70.69
ECU,X,2014,0.0,1249949798.0,4.88
ECU,X,2014,1.0,2046102427.0,7.99
ECU,X,2014,2.0,5113563369.0,19.96
ECU,X,2014,3.0,17209694602.0,67.17
ECU,X,2015,0.0,1719482590.0,9.4
ECU,X,2015,1.0,1624072207.0,8.87
ECU,X,2015,2.0,3072517623.0,16.79
ECU,X,2015,3.0,11884709404.0,64.94
ECU,X,2016,0.0,1985112783.0,11.84
ECU,X,2016,1.0,1410963781.0,8.42
ECU,X,2016,2.0,3366956979.0,20.09
ECU,X,2016,3.0,10000423927.0,59.66
ECU,X,2017,0.0,2473277158.889,12.97
ECU,X,2017,1.0,1424496013.8,7.47
ECU,X,2017,2.0,4155688359.6,21.79
ECU,X,2017,3.0,11015500167.762001,57.77
ECU,X,2018,0.0,2995413849.71,13.87
ECU,X,2018,1.0,1840215732.999,8.52
ECU,X,2018,2.0,4826208466.507,22.35
ECU,X,2018,3.0,11932779230.735,55.26
ECU,X,2019,0.0,3220583337.77,14.44
ECU,X,2019,1.0,2243090454.892,10.06
ECU,X,2019,2.0,6393881601.095,28.66
ECU,X,2019,3.0,10449067189.584,46.84
ECU,X,2020,0.0,3708082320.868,18.3
ECU,X,2020,1.0,1973268475.874,9.74
ECU,X,2020,2.0,5621325466.726,27.75
ECU,X,2020,3.0,8957489606.926,44.21
ECU,X,2021,0.0,4580546924.248,17.29
ECU,X,2021,1.0,2668077010.856,10.07
ECU,X,2021,2.0,8175481460.745,30.85
ECU,X,2021,3.0,11074318756.143,41.79
ECU,X,2022,0.0,7085301630.4,20.19
ECU,X,2022,1.0,2499402337.8,7.12
ECU,X,2022,2.0,8680146015.9,24.73
ECU,X,2022,3.0,16833568222.0,47.96
ECU,X,2023,0.0,6778365972.900001,21.89
ECU,X,2023,1.0,2576957117.3,8.32
ECU,X,2023,2.0,8285192087.9,26.76
ECU,X,2023,3.0,13319823430.8,43.02
ECU,X,2024,0.0,5291873082.619,16.89
ECU,X,2024,1.0,1829797690.269,5.84
ECU,X,2024,2.0,10922259087.347,34.87
ECU,X,2024,3.0,13280829764.302,42.4
HND,M,2000,0.0,37063665.0,1.35
HND,M,2000,1.0,245466378.0,8.97
HND,M,2000,2.0,673755105.0,24.61
HND,M,2000,3.0,1781189350.0,65.07
HND,M,2001,0.0,45271895.0,1.6
HND,M,2001,1.0,25058800.0,0.88
HND,M,2001,2.0,939898696.0,33.15
HND,M,2001,3.0,1825173629.0,64.37
HND,M,2002,0.0,47064493.0,1.68
HND,M,2002,1.0,24372799.0,0.87
HND,M,2002,2.0,1052628643.0,37.46
HND,M,2002,3.0,1685700135.0,59.99
HND,M,2003,0.0,61950930.0,2.04
HND,M,2003,1.0,134218637.0,4.41
HND,M,2003,2.0,989222155.0,32.54
HND,M,2003,3.0,1854921929.0,61.01
HND,M,2004,0.0,99068999.0,2.8
HND,M,2004,1.0,153142224.0,4.33
HND,M,2004,2.0,1102303062.0,31.16
HND,M,2004,3.0,2182620206.0,61.71
HND,M,2005,0.0,141962755.0,3.39
HND,M,2005,1.0,154488338.0,3.69
HND,M,2005,2.0,1512519867.0,36.1
HND,M,2005,3.0,2381393385.0,56.83
HND,M,2006,0.0,189921585.0,4.0
HND,M,2006,1.0,109434411.0,2.31
HND,M,2006,2.0,1510753229.0,31.83
HND,M,2006,3.0,2936635508.0,61.87
HND,M,2007,0.0,310869470.0,4.9
HND,M,2007,1.0,233888663.0,3.68
HND,M,2007,2.0,2000465758.0,31.5
HND,M,2007,3.0,3804817729.0,59.92
HND,M,2009,0.0,303648947.0,5.34
HND,M,2009,1.0,252327528.0,4.44
HND,M,2009,2.0,2067563564.0,36.38
HND,M,2009,3.0,3060025812.0,53.84
HND,M,2010,0.0,583856673.0,8.65
HND,M,2010,1.0,209665514.0,3.11
HND,M,2010,2.0,2204245497.0,32.67
HND,M,2010,3.0,3749800701.0,55.57
HND,M,2011,0.0,723387934.0,8.57
HND,M,2011,1.0,262570131.0,3.11
HND,M,2011,2.0,2507728011.0,29.71
HND,M,2011,3.0,4947260715.0,58.61
HND,M,2012,0.0,818596824.0,9.54
HND,M,2012,1.0,297098562.0,3.46
HND,M,2012,2.0,2618560071.0,30.52
HND,M,2012,3.0,4846239742.0,56.48
HND,M,2014,0.0,967278093.0,12.24
HND,M,2014,1.0,262369118.0,3.32
HND,M,2014,2.0,2126387462.0,26.9
HND,M,2014,3.0,4549659518.0,57.55
HND,M,2015,0.0,1485023875.0,17.95
HND,M,2015,1.0,212817746.0,2.57
HND,M,2015,2.0,2325171322.0,28.11
HND,M,2015,3.0,4248799973.0,51.36
HND,M,2016,0.0,1344610861.0,17.19
HND,M,2016,1.0,181586450.0,2.32
HND,M,2016,2.0,2296840379.0,29.36
HND,M,2016,3.0,3999602255.0,51.13
HND,M,2017,0.0,1459712232.92,17.24
HND,M,2017,1.0,200933966.7,2.37
HND,M,2017,2.0,2490718668.52,29.42
HND,M,2017,3.0,4314583056.32,50.96
HND,M,2018,0.0,1642409161.91,17.68
HND,M,2018,1.0,414530119.86,4.46
HND,M,2018,2.0,2329206744.4500003,25.07
HND,M,2018,3.0,4905361685.709999,52.79
HND,M,2019,0.0,1580831780.6000001,17.5
HND,M,2019,1.0,482869737.26,5.34
HND,M,2019,2.0,2350731485.9500003,26.02
HND,M,2019,3.0,4619745337.84,51.14
HND,M,2020,0.0,1404837666.7700002,17.99
HND,M,2020,1.0,471054509.0,6.03
HND,M,2020,2.0,2074306939.77,26.57
HND,M,2020,3.0,3857397536.43,49.41
HND,M,2021,0.0,2226920044.44,19.29
HND,M,2021,1.0,880229141.1899999,7.63
HND,M,2021,2.0,2902896980.91,25.15
HND,M,2021,3.0,5532843732.71,47.93
HND,M,2023,0.0,2768935722.98,19.49
HND,M,2023,1.0,1292547368.6200001,9.1
HND,M,2023,2.0,3059391492.07,21.54
HND,M,2023,3.0,7082631042.87,49.87
HND,X,2000,0.0,5077558.0,0.38
HND,X,2000,1.0,112171417.0,8.34
HND,X,2000,2.0,209867851.0,15.61
HND,X,2000,3.0,1017407352.0,75.67
HND,X,2001,0.0,5735026.0,0.5
HND,X,2001,1.0,9802513.0,0.86
HND,X,2001,2.0,241307226.0,21.13
HND,X,2001,3.0,885040737.0,77.51
HND,X,2002,0.0,6501194.0,0.68
HND,X,2002,1.0,1736438.0,0.18
HND,X,2002,2.0,259482348.0,27.16
HND,X,2002,3.0,687777245.0,71.98
HND,X,2003,0.0,12268001.0,1.26
HND,X,2003,1.0,6580913.0,0.68
HND,X,2003,2.0,285989052.0,29.38
HND,X,2003,3.0,668500336.0,68.68
HND,X,2004,0.0,17479485.0,1.48
HND,X,2004,1.0,6134178.0,0.52
HND,X,2004,2.0,339686892.0,28.85
HND,X,2004,3.0,814244727.0,69.15
HND,X,2005,0.0,31443820.0,2.48
HND,X,2005,1.0,9133948.0,0.72
HND,X,2005,2.0,329329288.0,25.95
HND,X,2005,3.0,899358648.0,70.86
HND,X,2006,0.0,29499526.0,1.59
HND,X,2006,1.0,12592954.0,0.68
HND,X,2006,2.0,322842688.0,17.43
HND,X,2006,3.0,1486896232.0,80.29
HND,X,2007,0.0,38921402.0,1.65
HND,X,2007,1.0,5223933.0,0.22
HND,X,2007,2.0,686949336.0,29.11
HND,X,2007,3.0,1628542096.0,69.02
HND,X,2009,0.0,74154232.0,2.9
HND,X,2009,1.0,161835296.0,6.32
HND,X,2009,2.0,568630048.0,22.21
HND,X,2009,3.0,1756053136.0,68.58
HND,X,2010,0.0,127626411.0,4.19
HND,X,2010,1.0,167170812.0,5.48
HND,X,2010,2.0,701477412.0,23.0
HND,X,2010,3.0,2053111655.0,67.33
HND,X,2011,0.0,126147938.0,3.6
HND,X,2011,1.0,215133623.0,6.15
HND,X,2011,2.0,657979551.0,18.8
HND,X,2011,3.0,2500398611.0,71.45
HND,X,2012,0.0,169669521.0,3.65
HND,X,2012,1.0,226239600.0,4.86
HND,X,2012,2.0,648333009.0,13.93
HND,X,2012,3.0,3608718640.0,77.56
HND,X,2014,0.0,155230198.0,3.51
HND,X,2014,1.0,278535756.0,6.3
HND,X,2014,2.0,890066233.0,20.14
HND,X,2014,3.0,3095948357.0,70.05
HND,X,2015,0.0,74380356.0,1.83
HND,X,2015,1.0,254770881.0,6.26
HND,X,2015,2.0,771093509.0,18.94
HND,X,2015,3.0,2971442213.0,72.98
HND,X,2016,0.0,48246074.0,1.22
HND,X,2016,1.0,234054210.0,5.93
HND,X,2016,2.0,770698655.0,19.51
HND,X,2016,3.0,2897257906.0,73.34
HND,X,2017,0.0,96605029.61,2.02
HND,X,2017,1.0,249399654.08999997,5.23
HND,X,2017,2.0,769696782.07,16.13
HND,X,2017,3.0,3656816781.04,76.62
HND,X,2018,0.0,70113349.61,1.72
HND,X,2018,1.0,265504675.1,6.5
HND,X,2018,2.0,750472914.5,18.38
HND,X,2018,3.0,2996370986.88,73.4
HND,X,2019,0.0,28675553.04,1.15
HND,X,2019,1.0,171039045.21,6.84
HND,X,2019,2.0,461970239.46,18.48
HND,X,2019,3.0,1837551950.2,73.52
HND,X,2020,0.0,50799486.849999994,1.12
HND,X,2020,1.0,312696699.73,6.89
HND,X,2020,2.0,887620713.3199999,19.55
HND,X,2020,3.0,3289868742.72,72.45
HND,X,2021,0.0,26599019.53,0.57
HND,X,2021,1.0,253230091.64999998,5.41
HND,X,2021,2.0,852046271.2199999,18.21
HND,X,2021,3.0,3546811441.8900003,75.81
HND,X,2023,0.0,57085219.97,0.82
HND,X,2023,1.0,949203250.09,13.56
HND,X,2023,2.0,1137608079.67,16.25
HND,X,2023,3.0,4855747036.7,69.37
HUN,M,2000,0.0,1117058000.0,3.54
HUN,M,2000,1.0,3885345000.0,12.31
HUN,M,2000,2.0,1566811000.0,4.97
HUN,M,2000,3.0,24982798000.0,79.18
HUN,M,2001,0.0,1528636000.0,4.61
HUN,M,2001,1.0,3918209000.0,11.82
HUN,M,2001,2.0,1725925000.0,5.21
HUN,M,2001,3.0,25965485000.0,78.36
HUN,M,2002,0.0,2377020000.0,6.43
HUN,M,2002,1.0,4062044000.0,10.99
HUN,M,2002,2.0,2204780000.0,5.97
HUN,M,2002,3.0,28310511000.0,76.61
HUN,M,2003,0.0,3678963000.0,7.85
HUN,M,2003,1.0,4969840000.0,10.61
HUN,M,2003,2.0,2525689000.0,5.39
HUN,M,2003,3.0,35676975000.0,76.15
HUN,M,2004,0.0,3628988000.0,6.08
HUN,M,2004,1.0,5533276000.0,9.28
HUN,M,2004,2.0,2365033000.0,3.97
HUN,M,2004,3.0,48114963000.0,80.67
HUN,M,2005,0.0,4905819000.0,7.55
HUN,M,2005,1.0,7077453000.0,10.89
HUN,M,2005,2.0,2762260000.0,4.25
HUN,M,2005,3.0,50221904000.0,77.3
HUN,M,2006,0.0,5224339000.0,6.9
HUN,M,2006,1.0,8641122000.0,11.41
HUN,M,2006,2.0,3582182000.0,4.73
HUN,M,2006,3.0,58287689000.0,76.96
HUN,M,2007,0.0,6925925000.0,7.47
HUN,M,2007,1.0,8882193000.0,9.58
HUN,M,2007,2.0,5592653000.0,6.03
HUN,M,2007,3.0,71323154000.0,76.92
HUN,M,2008,0.0,8039481000.0,7.53
HUN,M,2008,1.0,12260011000.0,11.48
HUN,M,2008,2.0,6274916000.0,5.88
HUN,M,2008,3.0,80216319000.0,75.12
HUN,M,2009,0.0,6136883000.0,8.07
HUN,M,2009,1.0,7703365000.0,10.13
HUN,M,2009,2.0,4120992000.0,5.42
HUN,M,2009,3.0,58112162000.0,76.39
HUN,M,2010,0.0,7691825000.0,8.94
HUN,M,2010,1.0,8796184000.0,10.22
HUN,M,2010,2.0,4983373000.0,5.79
HUN,M,2010,3.0,64563450000.0,75.04
HUN,M,2011,0.0,7298155000.0,7.3
HUN,M,2011,1.0,12015282000.0,12.02
HUN,M,2011,2.0,5874305000.0,5.88
HUN,M,2011,3.0,74785840000.0,74.81
HUN,M,2012,0.0,6332595684.0,6.8
HUN,M,2012,1.0,11386694901.0,12.23
HUN,M,2012,2.0,5288156854.0,5.68
HUN,M,2012,3.0,70109104932.0,75.29
HUN,M,2013,0.0,6207780803.0,6.32
HUN,M,2013,1.0,11853177596.0,12.06
HUN,M,2013,2.0,6034675355.0,6.14
HUN,M,2013,3.0,74199259046.0,75.49
HUN,M,2014,0.0,6007013641.0,5.81
HUN,M,2014,1.0,11465164241.0,11.09
HUN,M,2014,2.0,6144727495.0,5.94
HUN,M,2014,3.0,79747728386.0,77.15
HUN,M,2015,0.0,5903199763.0,6.55
HUN,M,2015,1.0,7410125100.0,8.23
HUN,M,2015,2.0,5007082117.0,5.56
HUN,M,2015,3.0,71767568693.0,79.66
HUN,M,2016,0.0,6187696102.0,6.76
HUN,M,2016,1.0,6601086063.0,7.21
HUN,M,2016,2.0,5085484006.0,5.55
HUN,M,2016,3.0,73675414525.0,80.48
HUN,M,2017,0.0,6854509078.0,6.61
HUN,M,2017,1.0,9058556255.0,8.74
HUN,M,2017,2.0,11666454586.0,11.25
HUN,M,2017,3.0,76111840741.0,73.4
HUN,M,2018,0.0,8576287052.0,7.34
HUN,M,2018,1.0,11325458632.0,9.7
HUN,M,2018,2.0,12669961449.0,10.85
HUN,M,2018,3.0,84241672234.0,72.12
HUN,M,2019,0.0,8797837364.0,7.54
HUN,M,2019,1.0,11737863073.0,10.06
HUN,M,2019,2.0,12684849399.0,10.88
HUN,M,2019,3.0,83414152154.0,71.52
HUN,M,2020,0.0,11028802276.0,9.79
HUN,M,2020,1.0,8418769538.0,7.47
HUN,M,2020,2.0,19262975035.0,17.1
HUN,M,2020,3.0,73965435836.0,65.64
HUN,M,2021,0.0,12161442948.0,8.8
HUN,M,2021,1.0,11176034508.0,8.09
HUN,M,2021,2.0,33478359209.0,24.23
HUN,M,2021,3.0,81329397188.0,58.87
HUN,M,2022,0.0,14384391205.0,9.09
HUN,M,2022,1.0,16623561796.0,10.51
HUN,M,2022,2.0,52422377115.0,33.14
HUN,M,2022,3.0,74776002480.0,47.26
HUN,M,2023,0.0,12500220158.0,8.44
HUN,M,2023,1.0,14757441339.0,9.97
HUN,M,2023,2.0,33823854282.0,22.84
HUN,M,2023,3.0,86979678497.0,58.75
HUN,M,2024,0.0,12343391217.0,8.2
HUN,M,2024,1.0,13110620563.0,8.71
HUN,M,2024,2.0,39724400052.0,26.38
HUN,M,2024,3.0,85403562557.0,56.72
HUN,X,2000,0.0,180300000.0,0.65
HUN,X,2000,1.0,1312858000.0,4.72
HUN,X,2000,2.0,1280714000.0,4.6
HUN,X,2000,3.0,25058296000.0,90.03
HUN,X,2001,0.0,294947000.0,0.98
HUN,X,2001,1.0,1145892000.0,3.79
HUN,X,2001,2.0,1816894000.0,6.01
HUN,X,2001,3.0,26991701000.0,89.23
HUN,X,2002,0.0,505987000.0,1.49
HUN,X,2002,1.0,1212036000.0,3.56
HUN,X,2002,2.0,2066625000.0,6.07
HUN,X,2002,3.0,30254582000.0,88.88
HUN,X,2003,0.0,907465000.0,2.13
HUN,X,2003,1.0,1534042000.0,3.6
HUN,X,2003,2.0,2656299000.0,6.23
HUN,X,2003,3.0,37553439000.0,88.05
HUN,X,2004,0.0,1347650000.0,2.46
HUN,X,2004,1.0,2109315000.0,3.84
HUN,X,2004,2.0,4017361000.0,7.32
HUN,X,2004,3.0,47409678000.0,86.38
HUN,X,2005,0.0,1605388000.0,2.61
HUN,X,2005,1.0,2995855000.0,4.87
HUN,X,2005,2.0,5503154000.0,8.94
HUN,X,2005,3.0,51457267000.0,83.59
HUN,X,2006,0.0,1921262000.0,2.6
HUN,X,2006,1.0,4811755000.0,6.51
HUN,X,2006,2.0,7674752000.0,10.38
HUN,X,2006,3.0,59544546000.0,80.52
HUN,X,2007,0.0,2472385000.0,2.62
HUN,X,2007,1.0,4979474000.0,5.27
HUN,X,2007,2.0,12234521000.0,12.94
HUN,X,2007,3.0,74832313000.0,79.17
HUN,X,2008,0.0,2933818000.0,2.71
HUN,X,2008,1.0,6096720000.0,5.64
HUN,X,2008,2.0,13849009000.0,12.81
HUN,X,2008,3.0,85254261000.0,78.84
HUN,X,2009,0.0,2561686000.0,3.1
HUN,X,2009,1.0,4332747000.0,5.25
HUN,X,2009,2.0,9939427000.0,12.05
HUN,X,2009,3.0,65670954000.0,79.6
HUN,X,2010,0.0,3070835000.0,3.24
HUN,X,2010,1.0,5408050000.0,5.71
HUN,X,2010,2.0,12141602000.0,12.83
HUN,X,2010,3.0,74019366000.0,78.21
HUN,X,2011,0.0,4512585000.0,4.06
HUN,X,2011,1.0,8368360000.0,7.54
HUN,X,2011,2.0,13280230000.0,11.96
HUN,X,2011,3.0,84898677000.0,76.44
HUN,X,2012,0.0,3897804572.0,3.79
HUN,X,2012,1.0,7885344490.0,7.68
HUN,X,2012,2.0,12145353507.0,11.82
HUN,X,2012,3.0,78797618433.0,76.71
HUN,X,2013,0.0,3885928803.0,3.6
HUN,X,2013,1.0,7893537936.0,7.32
HUN,X,2013,2.0,12837558905.0,11.9
HUN,X,2013,3.0,83243203160.0,77.18
HUN,X,2014,0.0,3572237477.0,3.18
HUN,X,2014,1.0,8831875151.0,7.86
HUN,X,2014,2.0,13491877382.0,12.01
HUN,X,2014,3.0,86467804905.0,76.95
HUN,X,2015,0.0,3037370088.0,3.03
HUN,X,2015,1.0,8122335083.0,8.11
HUN,X,2015,2.0,10234103099.0,10.22
HUN,X,2015,3.0,78714413365.0,78.63
HUN,X,2016,0.0,3352458553.0,3.26
HUN,X,2016,1.0,8050539122.0,7.83
HUN,X,2016,2.0,10026932397.0,9.75
HUN,X,2016,3.0,81378787417.0,79.16
HUN,X,2017,0.0,3833188288.0,3.38
HUN,X,2017,1.0,9353312750.0,8.26
HUN,X,2017,2.0,16857722833.0,14.88
HUN,X,2017,3.0,83210847445.0,73.47
HUN,X,2018,0.0,3655023469.0,2.96
HUN,X,2018,1.0,9557335493.0,7.73
HUN,X,2018,2.0,18228254592.0,14.75
HUN,X,2018,3.0,92181667732.0,74.57
HUN,X,2019,0.0,2978770013.0,2.44
HUN,X,2019,1.0,9860872470.0,8.09
HUN,X,2019,2.0,18018101721.0,14.77
HUN,X,2019,3.0,91107011586.0,74.7
HUN,X,2020,0.0,3269974870.0,2.73
HUN,X,2020,1.0,7692408192.0,6.42
HUN,X,2020,2.0,26178147523.0,21.86
HUN,X,2020,3.0,82619881962.0,68.99
HUN,X,2021,0.0,3960040141.0,2.81
HUN,X,2021,1.0,9328375684.0,6.62
HUN,X,2021,2.0,38013868422.0,26.97
HUN,X,2021,3.0,89655753505.0,63.6
HUN,X,2022,0.0,4038813589.0,2.7
HUN,X,2022,1.0,8987709786.0,6.01
HUN,X,2022,2.0,49648961427.0,33.19
HUN,X,2022,3.0,86898641011.0,58.1
HUN,X,2023,0.0,4014199937.0,2.54
HUN,X,2023,1.0,11672263734.0,7.4
HUN,X,2023,2.0,39838676190.0,25.24
HUN,X,2023,3.0,102300032983.0,64.82
HUN,X,2024,0.0,4037977583.0,2.41
HUN,X,2024,1.0,12801794292.0,7.64
HUN,X,2024,2.0,49113189268.0,29.32
HUN,X,2024,3.0,101540958702.0,60.62
IDN,M,2000,0.0,5503862780.0,17.1
IDN,M,2000,1.0,5911499540.0,18.37
IDN,M,2000,2.0,2627136988.0,8.16
IDN,M,2000,3.0,18144286984.0,56.37
IDN,M,2001,0.0,4785300587.0,16.05
IDN,M,2001,1.0,5792657034.0,19.42
IDN,M,2001,2.0,2250884484.0,7.55
IDN,M,2001,3.0,16994348423.0,56.98
IDN,M,2002,0.0,5208821031.0,17.26
IDN,M,2002,1.0,6999046162.0,23.2
IDN,M,2002,2.0,2776482701.0,9.2
IDN,M,2002,3.0,15190293326.0,50.34
IDN,M,2003,0.0,6223321775.0,19.75
IDN,M,2003,1.0,7035091659.0,22.32
IDN,M,2003,2.0,3567450624.0,11.32
IDN,M,2003,3.0,14689190183.0,46.61
IDN,M,2004,0.0,8758523040.0,19.48
IDN,M,2004,1.0,10477091852.0,23.3
IDN,M,2004,2.0,5421437257.0,12.06
IDN,M,2004,3.0,20304157058.0,45.16
IDN,M,2005,0.0,11212004617.0,20.34
IDN,M,2005,1.0,14121514811.0,25.62
IDN,M,2005,2.0,5992762454.0,10.87
IDN,M,2005,3.0,23795852527.0,43.17
IDN,M,2006,0.0,13673139848.0,23.53
IDN,M,2006,1.0,14965556977.0,25.76
IDN,M,2006,2.0,6179278917.0,10.64
IDN,M,2006,3.0,23284984558.0,40.08
IDN,M,2007,0.0,16115671738.0,22.68
IDN,M,2007,1.0,22970139441.0,32.32
IDN,M,2007,2.0,4299210684.0,6.05
IDN,M,2007,3.0,27684915543.0,38.95
IDN,M,2008,0.0,33024747488.0,26.66
IDN,M,2008,1.0,34882948346.0,28.16
IDN,M,2008,2.0,7424300966.0,5.99
IDN,M,2008,3.0,48547326543.0,39.19
IDN,M,2009,0.0,21943809519.0,23.44
IDN,M,2009,1.0,29678774728.0,31.7
IDN,M,2009,2.0,5524229956.0,5.9
IDN,M,2009,3.0,36481936310.0,38.96
IDN,M,2010,0.0,30776081946.0,23.38
IDN,M,2010,1.0,41829852001.0,31.78
IDN,M,2010,2.0,7519092288.0,5.71
IDN,M,2010,3.0,51509935133.0,39.13
IDN,M,2011,0.0,40587313628.0,23.59
IDN,M,2011,1.0,55397159032.0,32.19
IDN,M,2011,2.0,10766127056.0,6.26
IDN,M,2011,3.0,65322543350.0,37.96
IDN,M,2012,0.0,46128742757.0,24.75
IDN,M,2012,1.0,59882265772.0,32.13
IDN,M,2012,2.0,10618278942.0,5.7
IDN,M,2012,3.0,69766231433.0,37.43
IDN,M,2013,0.0,46729187989.0,25.79
IDN,M,2013,1.0,56698717442.0,31.29
IDN,M,2013,2.0,14461765317.0,7.98
IDN,M,2013,3.0,63287283803.0,34.93
IDN,M,2014,0.0,48105698538.0,27.69
IDN,M,2014,1.0,53045060473.0,30.53
IDN,M,2014,2.0,13494254458.0,7.77
IDN,M,2014,3.0,59107239001.0,34.02
IDN,M,2015,0.0,49200837024.0,35.31
IDN,M,2015,1.0,31935955526.0,22.92
IDN,M,2015,2.0,9531334605.0,6.84
IDN,M,2015,3.0,48665856443.0,34.93
IDN,M,2016,0.0,50075000492.0,37.76
IDN,M,2016,1.0,26400845694.0,19.91
IDN,M,2016,2.0,10047615918.0,7.58
IDN,M,2016,3.0,46089808665.0,34.76
IDN,M,2017,0.0,57413438890.0,37.41
IDN,M,2017,1.0,31548289244.0,20.56
IDN,M,2017,2.0,11193178474.0,7.29
IDN,M,2017,3.0,53312940045.0,34.74
IDN,M,2018,0.0,72323394344.0,39.12
IDN,M,2018,1.0,42564880436.0,23.02
IDN,M,2018,2.0,9267360242.0,5.01
IDN,M,2018,3.0,60724058583.0,32.85
IDN,M,2019,0.0,65596975793.0,39.21
IDN,M,2019,1.0,39083549776.0,23.36
IDN,M,2019,2.0,8139096279.0,4.86
IDN,M,2019,3.0,54490028892.0,32.57
IDN,M,2020,0.0,54911809422.0,39.86
IDN,M,2020,1.0,29752123582.0,21.6
IDN,M,2020,2.0,8372137414.0,6.08
IDN,M,2020,3.0,44728109171.0,32.47
IDN,M,2021,0.0,76516275896.0,39.93
IDN,M,2021,1.0,43416215660.0,22.66
IDN,M,2021,2.0,13486682615.0,7.04
IDN,M,2021,3.0,58215020581.0,30.38
IDN,M,2022,0.0,98332991999.0,42.34
IDN,M,2022,1.0,55447561373.0,23.88
IDN,M,2022,2.0,10657778896.0,4.59
IDN,M,2022,3.0,67795569805.0,29.19
IDN,M,2023,0.0,91355858160.0,42.0
IDN,M,2023,1.0,50068449508.0,23.02
IDN,M,2023,2.0,12117364819.0,5.57
IDN,M,2023,3.0,63987831731.0,29.42
IDN,X,2000,0.0,6481123195.0,10.87
IDN,X,2000,1.0,9839908465.0,16.5
IDN,X,2000,2.0,4722220467.0,7.92
IDN,X,2000,3.0,38602690240.0,64.72
IDN,X,2001,0.0,5763675532.0,10.67
IDN,X,2001,1.0,8615699804.0,15.95
IDN,X,2001,2.0,4344426263.0,8.04
IDN,X,2001,3.0,35290554748.0,65.34
IDN,X,2002,0.0,6460009775.0,11.75
IDN,X,2002,1.0,8963214154.0,16.3
IDN,X,2002,2.0,4851874019.0,8.83
IDN,X,2002,3.0,34702644738.0,63.12
IDN,X,2003,0.0,7025403282.0,11.97
IDN,X,2003,1.0,9755609562.0,16.62
IDN,X,2003,2.0,5550903913.0,9.45
IDN,X,2003,3.0,36381400324.0,61.96
IDN,X,2004,0.0,8428893455.0,12.28
IDN,X,2004,1.0,11247250534.0,16.39
IDN,X,2004,2.0,7195144948.0,10.48
IDN,X,2004,3.0,41757373772.0,60.85
IDN,X,2005,0.0,10920068493.0,13.14
IDN,X,2005,1.0,15721063938.0,18.92
IDN,X,2005,2.0,7470135551.0,8.99
IDN,X,2005,3.0,48970197677.0,58.94
IDN,X,2006,0.0,13617896331.0,13.9
IDN,X,2006,1.0,18420378885.0,18.81
IDN,X,2006,2.0,8598453671.0,8.78
IDN,X,2006,3.0,57308035246.0,58.51
IDN,X,2007,0.0,15973091346.0,14.34
IDN,X,2007,1.0,25246396686.0,22.67
IDN,X,2007,2.0,8438216717.0,7.58
IDN,X,2007,3.0,61718840420.0,55.41
IDN,X,2008,0.0,23768410536.0,17.77
IDN,X,2008,1.0,26719501795.0,19.98
IDN,X,2008,2.0,11061292543.0,8.27
IDN,X,2008,3.0,72171036490.0,53.97
IDN,X,2009,0.0,18170049218.0,16.08
IDN,X,2009,1.0,27719510593.0,24.53
IDN,X,2009,2.0,10649457574.0,9.43
IDN,X,2009,3.0,56449047624.0,49.96
IDN,X,2010,0.0,23858818253.0,15.62
IDN,X,2010,1.0,37252989252.0,24.38
IDN,X,2010,2.0,15087190719.0,9.88
IDN,X,2010,3.0,76573889981.0,50.12
IDN,X,2011,0.0,32806656477.0,16.68
IDN,X,2011,1.0,44965556108.0,22.86
IDN,X,2011,2.0,22798370458.0,11.59
IDN,X,2011,3.0,96105281014.0,48.86
IDN,X,2012,0.0,30912745230.0,16.83
IDN,X,2012,1.0,44640531242.0,24.31
IDN,X,2012,2.0,21514714428.0,11.72
IDN,X,2012,3.0,86573491991.0,47.14
IDN,X,2013,0.0,31882084375.0,18.07
IDN,X,2013,1.0,42953099936.0,24.34
IDN,X,2013,2.0,23070648003.0,13.07
IDN,X,2013,3.0,78546859164.0,44.51
IDN,X,2014,0.0,29769000239.0,17.57
IDN,X,2014,1.0,42865840976.0,25.3
IDN,X,2014,2.0,22845110437.0,13.48
IDN,X,2014,3.0,73951360045.0,43.65
IDN,X,2015,0.0,30186180173.0,20.8
IDN,X,2015,1.0,31085125021.0,21.41
IDN,X,2015,2.0,20792720131.0,14.32
IDN,X,2015,3.0,63093999693.0,43.47
IDN,X,2016,0.0,31045464308.0,22.07
IDN,X,2016,1.0,28477372566.0,20.24
IDN,X,2016,2.0,20744665249.0,14.75
IDN,X,2016,3.0,60421026599.0,42.95
IDN,X,2017,0.0,39522412926.364,24.03
IDN,X,2017,1.0,32874150276.013,19.99
IDN,X,2017,2.0,27269804920.85,16.58
IDN,X,2017,3.0,64810821523.98699,39.4
IDN,X,2018,0.0,44856658293.019,25.58
IDN,X,2018,1.0,48270813756.063,27.52
IDN,X,2018,2.0,13455208649.14,7.67
IDN,X,2018,3.0,68791874080.631,39.23
IDN,X,2019,0.0,40868199051.695,25.0
IDN,X,2019,1.0,56847486834.98,34.78
IDN,X,2019,2.0,6116806561.239,3.74
IDN,X,2019,3.0,59626589920.576,36.48
IDN,X,2020,0.0,42497814120.113,26.75
IDN,X,2020,1.0,51617171177.122,32.49
IDN,X,2020,2.0,5909107363.0,3.72
IDN,X,2020,3.0,58869373244.711,37.05
IDN,X,2021,0.0,67888321002.36,30.27
IDN,X,2021,1.0,69698309905.453,31.08
IDN,X,2021,2.0,10019656614.84,4.47
IDN,X,2021,3.0,76657508648.747,34.18
IDN,X,2022,0.0,93038908312.0,32.89
IDN,X,2022,1.0,84617886141.0,29.91
IDN,X,2022,2.0,10039507566.0,3.55
IDN,X,2022,3.0,95223509386.0,33.66
IDN,X,2023,0.0,91116040880.375,36.21
IDN,X,2023,1.0,71841175842.56801,28.55
IDN,X,2023,2.0,10879726525.759,4.32
IDN,X,2023,3.0,77828952475.391,30.93
IND,M,2000,0.0,7082671885.0,18.14
IND,M,2000,1.0,6337824494.0,16.23
IND,M,2000,2.0,2432662682.0,6.23
IND,M,2000,3.0,23197521909.0,59.4
IND,M,2001,0.0,5234199335.0,14.49
IND,M,2001,1.0,4567366155.0,12.64
IND,M,2001,2.0,2709300951.0,7.5
IND,M,2001,3.0,23618563524.0,65.37
IND,M,2002,0.0,6211234206.0,15.27
IND,M,2002,1.0,4936059798.0,12.14
IND,M,2002,2.0,3031676462.0,7.45
IND,M,2002,3.0,26489913381.0,65.14
IND,M,2003,0.0,8931742649.0,17.23
IND,M,2003,1.0,6055786119.0,11.68
IND,M,2003,2.0,4094078557.0,7.9
IND,M,2003,3.0,32749463606.0,63.19
IND,M,2004,0.0,15033531727.0,21.34
IND,M,2004,1.0,7853919346.0,11.15
IND,M,2004,2.0,5826511278.0,8.27
IND,M,2004,3.0,41728540035.0,59.24
IND,M,2005,0.0,22587162724.0,22.83
IND,M,2005,1.0,10997106724.0,11.12
IND,M,2005,2.0,7743643925.0,7.83
IND,M,2005,3.0,57608079850.0,58.23
IND,M,2006,0.0,46907405272.0,28.75
IND,M,2006,1.0,35839729451.0,21.96
IND,M,2006,2.0,9300202305.0,5.7
IND,M,2006,3.0,71126686601.0,43.59
IND,M,2007,0.0,70419961472.0,32.68
IND,M,2007,1.0,47802563036.0,22.19
IND,M,2007,2.0,11372965926.0,5.28
IND,M,2007,3.0,85875284352.0,39.85
IND,M,2008,0.0,106401575678.0,34.28
IND,M,2008,1.0,67807888491.0,21.85
IND,M,2008,2.0,15422030244.0,4.97
IND,M,2008,3.0,120754468013.0,38.9
IND,M,2009,0.0,92020332403.0,35.14
IND,M,2009,1.0,49980264360.0,19.09
IND,M,2009,2.0,17146045425.0,6.55
IND,M,2009,3.0,102721057725.0,39.23
IND,M,2010,0.0,129827601416.0,37.72
IND,M,2010,1.0,66104004225.0,19.2
IND,M,2010,2.0,19908848516.0,5.78
IND,M,2010,3.0,128370594117.0,37.29
IND,M,2011,0.0,168494563201.0,37.19
IND,M,2011,1.0,94347824562.0,20.83
IND,M,2011,2.0,26352957059.0,5.82
IND,M,2011,3.0,163823022294.0,36.16
IND,M,2012,0.0,175547873377.0,36.38
IND,M,2012,1.0,113210013410.0,23.46
IND,M,2012,2.0,30718699165.0,6.37
IND,M,2012,3.0,163092620073.0,33.8
IND,M,2013,0.0,169569928246.0,36.94
IND,M,2013,1.0,95202450452.0,20.74
IND,M,2013,2.0,46517360562.0,10.13
IND,M,2013,3.0,147707548336.0,32.18
IND,M,2014,0.0,165430393798.0,37.0
IND,M,2014,1.0,90597666840.0,20.27
IND,M,2014,2.0,55725961532.0,12.46
IND,M,2014,3.0,135306530985.0,30.27
IND,M,2015,0.0,137603570138.0,36.41
IND,M,2015,1.0,63614725848.0,16.83
IND,M,2015,2.0,46369762304.0,12.27
IND,M,2015,3.0,130344760501.0,34.49
IND,M,2016,0.0,129025405972.0,37.5
IND,M,2016,1.0,58955942702.0,17.14
IND,M,2016,2.0,41308454382.0,12.01
IND,M,2016,3.0,114752266770.0,33.35
IND,M,2017,0.0,157666150430.05,36.57
IND,M,2017,1.0,77200183215.656,17.91
IND,M,2017,2.0,56671440351.348,13.15
IND,M,2017,3.0,139583071433.642,32.38
IND,M,2018,0.0,185114408105.716,37.02
IND,M,2018,1.0,99743299582.049,19.95
IND,M,2018,2.0,61429859799.366,12.28
IND,M,2018,3.0,153761977606.296,30.75
IND,M,2019,0.0,174969725407.558,36.92
IND,M,2019,1.0,94445737970.062,19.93
IND,M,2019,2.0,56934529564.564,12.01
IND,M,2019,3.0,147520928534.967,31.13
IND,M,2020,0.0,140360903513.473,38.59
IND,M,2020,1.0,67278381600.748,18.5
IND,M,2020,2.0,45753845668.592,12.58
IND,M,2020,3.0,110306114174.742,30.33
IND,M,2021,0.0,217351689286.185,38.54
IND,M,2021,1.0,100271807369.773,17.78
IND,M,2021,2.0,72708812864.382,12.89
IND,M,2021,3.0,173594967809.666,30.78
IND,M,2022,0.0,290840521127.983,40.16
IND,M,2022,1.0,160194413175.347,22.12
IND,M,2022,2.0,79039931128.178,10.91
IND,M,2022,3.0,194160316360.523,26.81
IND,M,2023,0.0,254336668485.627,38.34
IND,M,2023,1.0,153735387505.74,23.18
IND,M,2023,2.0,78726583370.222,11.87
IND,M,2023,3.0,176529254250.423,26.61
IND,M,2024,0.0,262278302344.422,38.25
IND,M,2024,1.0,158064094189.958,23.05
IND,M,2024,2.0,92383597303.429,13.47
IND,M,2024,3.0,172987309266.921,25.23
IND,X,2000,0.0,7980800124.0,19.65
IND,X,2000,1.0,4378071829.0,10.78
IND,X,2000,2.0,3739269403.0,9.21
IND,X,2000,3.0,24521493496.0,60.37
IND,X,2001,0.0,8292149001.0,20.05
IND,X,2001,1.0,6086045929.0,14.72
IND,X,2001,2.0,3750024092.0,9.07
IND,X,2001,3.0,23219279696.0,56.16
IND,X,2002,0.0,9984813394.0,20.55
IND,X,2002,1.0,6800161473.0,13.99
IND,X,2002,2.0,4776398273.0,9.83
IND,X,2002,3.0,27033940956.0,55.63
IND,X,2003,0.0,13923590070.0,23.76
IND,X,2003,1.0,8988351848.0,15.34
IND,X,2003,2.0,5351279645.0,9.13
IND,X,2003,3.0,30327454425.0,51.76
IND,X,2004,0.0,18876289948.0,25.22
IND,X,2004,1.0,12137515879.0,16.22
IND,X,2004,2.0,6911759012.0,9.24
IND,X,2004,3.0,36914907968.0,49.32
IND,X,2005,0.0,25757147667.0,25.9
IND,X,2005,1.0,16072851342.0,16.16
IND,X,2005,2.0,8992462005.0,9.04
IND,X,2005,3.0,48644852923.0,48.91
IND,X,2006,0.0,30686807732.0,25.56
IND,X,2006,1.0,22306673706.0,18.58
IND,X,2006,2.0,9827879471.0,8.19
IND,X,2006,3.0,57220213605.0,47.67
IND,X,2007,0.0,39685742508.0,27.54
IND,X,2007,1.0,27880893193.0,19.35
IND,X,2007,2.0,10447716868.0,7.25
IND,X,2007,3.0,66082792448.0,45.86
IND,X,2008,0.0,55772930817.0,31.13
IND,X,2008,1.0,32972381318.0,18.4
IND,X,2008,2.0,12135136263.0,6.77
IND,X,2008,3.0,78285512607.0,43.69
IND,X,2009,0.0,53243957206.0,31.77
IND,X,2009,1.0,34093324872.0,20.35
IND,X,2009,2.0,10083546438.0,6.02
IND,X,2009,3.0,70150632898.0,41.86
IND,X,2010,0.0,67298341053.0,31.65
IND,X,2010,1.0,41888451160.0,19.7
IND,X,2010,2.0,18776794568.0,8.83
IND,X,2010,3.0,84653204116.0,39.81
IND,X,2011,0.0,81325136678.0,29.52
IND,X,2011,1.0,54574311202.0,19.81
IND,X,2011,2.0,26718294100.0,9.7
IND,X,2011,3.0,112867698177.0,40.97
IND,X,2012,0.0,81568192344.0,28.96
IND,X,2012,1.0,59517355601.0,21.13
IND,X,2012,2.0,27551135417.0,9.78
IND,X,2012,3.0,112989056574.0,40.12
IND,X,2013,0.0,91310208731.0,28.13
IND,X,2013,1.0,73405759768.0,22.62
IND,X,2013,2.0,30987355554.0,9.55
IND,X,2013,3.0,128852458467.0,39.7
IND,X,2014,0.0,90743487750.0,29.06
IND,X,2014,1.0,67983994816.0,21.77
IND,X,2014,2.0,37129740220.0,11.89
IND,X,2014,3.0,116406852123.0,37.28
IND,X,2015,0.0,73958884950.0,28.47
IND,X,2015,1.0,51688052074.0,19.9
IND,X,2015,2.0,30388221228.0,11.7
IND,X,2015,3.0,103733800977.0,39.93
IND,X,2016,0.0,73260165398.0,28.72
IND,X,2016,1.0,42944254890.0,16.84
IND,X,2016,2.0,34405865393.0,13.49
IND,X,2016,3.0,104470590939.0,40.96
IND,X,2017,0.0,81518757728.248,28.13
IND,X,2017,1.0,51250609059.016,17.69
IND,X,2017,2.0,41471752198.742,14.31
IND,X,2017,3.0,115543834920.767,39.87
IND,X,2018,0.0,83431954502.532,26.36
IND,X,2018,1.0,58593899668.626,18.51
IND,X,2018,2.0,45210370762.71,14.28
IND,X,2018,3.0,129280630547.729,40.84
IND,X,2019,0.0,77968043224.369,24.52
IND,X,2019,1.0,67285867224.455,21.16
IND,X,2019,2.0,43788993341.135,13.77
IND,X,2019,3.0,128908995763.067,40.54
IND,X,2020,0.0,64341442198.36,23.59
IND,X,2020,1.0,57815532943.695,21.19
IND,X,2020,2.0,38239110074.788,14.02
IND,X,2020,3.0,112399716272.627,41.2
IND,X,2021,0.0,84666001815.908,21.66
IND,X,2021,1.0,78511204636.39099,20.09
IND,X,2021,2.0,65037481200.813,16.64
IND,X,2021,3.0,162622247599.353,41.61
IND,X,2022,0.0,97523063278.875,21.85
IND,X,2022,1.0,87213659524.921,19.54
IND,X,2022,2.0,66551974663.771,14.91
IND,X,2022,3.0,194993049098.16602,43.69
IND,X,2023,0.0,98228297907.954,23.09
IND,X,2023,1.0,76886448819.626,18.08
IND,X,2023,2.0,64182636176.359,15.09
IND,X,2023,3.0,186059959089.82498,43.74
IND,X,2024,0.0,93654742354.407,21.82
IND,X,2024,1.0,75206499978.148,17.52
IND,X,2024,2.0,74489193902.651,17.35
IND,X,2024,3.0,185919235107.416,43.31
MNG,M,2000,0.0,128205705.0,20.95
MNG,M,2000,1.0,233024933.0,38.08
MNG,M,2000,2.0,11369086.0,1.86
MNG,M,2000,3.0,239372093.0,39.11
MNG,M,2001,0.0,138542122.0,22.06
MNG,M,2001,1.0,266062951.0,42.37
MNG,M,2001,2.0,7182634.0,1.14
MNG,M,2001,3.0,216231676.0,34.43
MNG,M,2003,0.0,198343297.0,24.82
MNG,M,2003,1.0,300159389.0,37.56
MNG,M,2003,2.0,11195297.0,1.4
MNG,M,2003,3.0,289344441.0,36.21
MNG,M,2004,0.0,259911947.0,25.58
MNG,M,2004,1.0,411114287.0,40.46
MNG,M,2004,2.0,23256169.0,2.29
MNG,M,2004,3.0,321860093.0,31.67
MNG,M,2005,0.0,310314811.0,26.3
MNG,M,2005,1.0,510252333.0,43.24
MNG,M,2005,2.0,19973750.0,1.69
MNG,M,2005,3.0,339540074.0,28.77
MNG,M,2006,0.0,418334173.0,28.22
MNG,M,2006,1.0,660437090.0,44.55
MNG,M,2006,2.0,21644751.0,1.46
MNG,M,2006,3.0,381959037.0,25.77
MNG,M,2007,0.0,692853902.0,32.8
MNG,M,2007,1.0,845426967.0,40.03
MNG,M,2007,2.0,68780804.0,3.26
MNG,M,2007,3.0,505182619.0,23.92
MNG,M,2013,0.0,1834973682.0,28.92
MNG,M,2013,1.0,2021263409.0,31.85
MNG,M,2013,2.0,148299249.0,2.34
MNG,M,2013,3.0,2340692551.0,36.89
MNG,M,2014,0.0,1752595204.0,34.24
MNG,M,2014,1.0,1864524230.0,36.42
MNG,M,2014,2.0,74377004.0,1.45
MNG,M,2014,3.0,1427719194.0,27.89
MNG,M,2015,0.0,1452012809.0,38.34
MNG,M,2015,1.0,1208829890.0,31.92
MNG,M,2015,2.0,67331534.0,1.78
MNG,M,2015,3.0,1059070147.0,27.96
MNG,M,2016,0.0,1128162361.0,33.86
MNG,M,2016,1.0,1035461195.0,31.07
MNG,M,2016,2.0,79620155.0,2.39
MNG,M,2016,3.0,1088979184.0,32.68
MNG,M,2017,0.0,1494433133.28,34.51
MNG,M,2017,1.0,1409193531.3600001,32.54
MNG,M,2017,2.0,165528736.60999998,3.82
MNG,M,2017,3.0,1260891710.55,29.12
MNG,M,2018,0.0,2074609721.83,35.39
MNG,M,2018,1.0,1986038628.05,33.88
MNG,M,2018,2.0,154737049.66,2.64
MNG,M,2018,3.0,1645952732.6,28.08
MNG,M,2019,0.0,2094406490.52,34.24
MNG,M,2019,1.0,2063841233.8099997,33.74
MNG,M,2019,2.0,172032392.093,2.81
MNG,M,2019,3.0,1786107816.878,29.2
MNG,M,2020,0.0,1938287961.57,36.65
MNG,M,2020,1.0,1698425704.4699998,32.12
MNG,M,2020,2.0,161993302.46,3.06
MNG,M,2020,3.0,1489832620.92,28.17
MNG,M,2021,0.0,2549332845.08,37.36
MNG,M,2021,1.0,2357884663.14,34.56
MNG,M,2021,2.0,240689673.1,3.53
MNG,M,2021,3.0,1675428081.26,24.55
MNG,M,2022,0.0,3211940252.237,36.8
MNG,M,2022,1.0,3081284809.203,35.3
MNG,M,2022,2.0,303465827.629,3.48
MNG,M,2022,3.0,2131428092.744,24.42
MNG,X,2000,0.0,274512600.0,52.18
MNG,X,2000,1.0,49120406.0,9.34
MNG,X,2000,2.0,1907826.0,0.36
MNG,X,2000,3.0,200562083.0,38.12
MNG,X,2001,0.0,240188149.0,45.91
MNG,X,2001,1.0,48907925.0,9.35
MNG,X,2001,2.0,1514991.0,0.29
MNG,X,2001,3.0,232531309.0,44.45
MNG,X,2002,0.0,221899624.0,46.19
MNG,X,2002,1.0,52691520.0,10.97
MNG,X,2002,2.0,1589624.0,0.33
MNG,X,2002,3.0,204262339.0,42.52
MNG,X,2003,0.0,288934859.0,46.92
MNG,X,2003,1.0,84641274.0,13.74
MNG,X,2003,2.0,1798764.0,0.29
MNG,X,2003,3.0,240484430.0,39.05
MNG,X,2004,0.0,415832896.0,48.58
MNG,X,2004,1.0,49058224.0,5.73
MNG,X,2004,2.0,1793527.0,0.21
MNG,X,2004,3.0,389308541.0,45.48
MNG,X,2005,0.0,516211238.0,48.51
MNG,X,2005,1.0,50883258.0,4.78
MNG,X,2005,2.0,1173860.0,0.11
MNG,X,2005,3.0,495877742.0,46.6
MNG,X,2006,0.0,1051676899.0,68.2
MNG,X,2006,1.0,54507129.0,3.53
MNG,X,2006,2.0,2190780.0,0.14
MNG,X,2006,3.0,433724843.0,28.13
MNG,X,2007,0.0,1410649128.0,74.78
MNG,X,2007,1.0,61902335.0,3.28
MNG,X,2007,2.0,8449728.0,0.45
MNG,X,2007,3.0,405493444.0,21.49
MNG,X,2013,0.0,3716556565.0,87.07
MNG,X,2013,1.0,81828497.0,1.92
MNG,X,2013,2.0,5571506.0,0.13
MNG,X,2013,3.0,464333259.0,10.88
MNG,X,2014,0.0,5097392683.0,88.28
MNG,X,2014,1.0,84878782.0,1.47
MNG,X,2014,2.0,4402414.0,0.08
MNG,X,2014,3.0,587429356.0,10.17
MNG,X,2015,0.0,3930279561.0,84.19
MNG,X,2015,1.0,107943852.0,2.31
MNG,X,2015,2.0,6754384.0,0.14
MNG,X,2015,3.0,623408310.0,13.35
MNG,X,2016,0.0,3908549237.0,79.63
MNG,X,2016,1.0,78028622.0,1.59
MNG,X,2016,2.0,7144348.0,0.15
MNG,X,2016,3.0,914496970.0,18.63
MNG,X,2017,0.0,5290139896.42,85.68
MNG,X,2017,1.0,109776157.39,1.78
MNG,X,2017,2.0,6162673.9,0.1
MNG,X,2017,3.0,768285528.3000001,12.44
MNG,X,2018,0.0,6530662892.291,93.48
MNG,X,2018,1.0,139519028.65,2.0
MNG,X,2018,2.0,3902408.9800000004,0.06
MNG,X,2018,3.0,312201881.964,4.47
MNG,X,2019,0.0,6791289862.173,89.25
MNG,X,2019,1.0,269143964.42,3.54
MNG,X,2019,2.0,1074411.31,0.01
MNG,X,2019,3.0,547925633.8579999,7.2
MNG,X,2020,0.0,5495824938.3,72.54
MNG,X,2020,1.0,226180892.98000002,2.99
MNG,X,2020,2.0,1835836.06,0.02
MNG,X,2020,3.0,1851998533.0600002,24.45
MNG,X,2021,0.0,7644364142.02,82.72
MNG,X,2021,1.0,376943470.09999996,4.08
MNG,X,2021,2.0,2800924.65,0.03
MNG,X,2021,3.0,1216760677.84,13.17
MNG,X,2022,0.0,10617656427.416,84.55
MNG,X,2022,1.0,476263995.50799996,3.79
MNG,X,2022,2.0,7529424.087,0.06
MNG,X,2022,3.0,1455930042.169,11.59
MUS,M,2000,0.0,378505464.0,18.54
MUS,M,2000,1.0,135898743.0,6.66
MUS,M,2000,2.0,337186376.0,16.51
MUS,M,2000,3.0,1190340541.0,58.29
MUS,M,2001,0.0,343030372.0,17.52
MUS,M,2001,1.0,153050734.0,7.82
MUS,M,2001,2.0,316819324.0,16.18
MUS,M,2001,3.0,1145319317.0,58.49
MUS,M,2002,0.0,414146818.0,19.53
MUS,M,2002,1.0,215269047.0,10.15
MUS,M,2002,2.0,289892214.0,13.67
MUS,M,2002,3.0,1201385558.0,56.65
MUS,M,2003,0.0,423642323.0,18.11
MUS,M,2003,1.0,280352586.0,11.99
MUS,M,2003,2.0,341990796.0,14.62
MUS,M,2003,3.0,1293118013.0,55.28
MUS,M,2004,0.0,571999648.0,21.02
MUS,M,2004,1.0,268423600.0,9.86
MUS,M,2004,2.0,446634858.0,16.41
MUS,M,2004,3.0,1433950250.0,52.7
MUS,M,2005,0.0,762080765.0,24.6
MUS,M,2005,1.0,283182760.0,9.14
MUS,M,2005,2.0,424548269.0,13.71
MUS,M,2005,3.0,1627790701.0,52.55
MUS,M,2006,0.0,645339358.0,18.12
MUS,M,2006,1.0,303644436.0,8.52
MUS,M,2006,2.0,696678593.0,19.56
MUS,M,2006,3.0,1916627131.0,53.8
MUS,M,2007,0.0,581644716.0,15.18
MUS,M,2007,1.0,371751943.0,9.7
MUS,M,2007,2.0,1035911158.0,27.04
MUS,M,2007,3.0,1841995276.0,48.08
MUS,M,2008,0.0,752332880.0,16.39
MUS,M,2008,1.0,423705971.0,9.23
MUS,M,2008,2.0,1385414734.0,30.18
MUS,M,2008,3.0,2029310246.0,44.2
MUS,M,2009,0.0,560314195.0,15.31
MUS,M,2009,1.0,413357494.0,11.29
MUS,M,2009,2.0,931950845.0,25.46
MUS,M,2009,3.0,1754912865.0,47.94
MUS,M,2010,0.0,692460990.0,16.02
MUS,M,2010,1.0,451467411.0,10.45
MUS,M,2010,2.0,1231566278.0,28.5
MUS,M,2010,3.0,1945805862.0,45.03
MUS,M,2011,0.0,871729044.0,17.18
MUS,M,2011,1.0,461833395.0,9.1
MUS,M,2011,2.0,1570424052.0,30.95
MUS,M,2011,3.0,2169632504.0,42.76
MUS,M,2012,0.0,1159522039.0,20.52
MUS,M,2012,1.0,523285463.0,9.26
MUS,M,2012,2.0,1627550433.0,28.81
MUS,M,2012,3.0,2339183619.0,41.4
MUS,M,2013,0.0,1053933064.0,19.92
MUS,M,2013,1.0,498574012.0,9.42
MUS,M,2013,2.0,1589309516.0,30.04
MUS,M,2013,3.0,2148630993.0,40.61
MUS,M,2014,0.0,1311877235.0,23.9
MUS,M,2014,1.0,518244442.0,9.44
MUS,M,2014,2.0,1871930304.0,34.11
MUS,M,2014,3.0,1786113915.0,32.54
MUS,M,2015,0.0,1239394314.0,28.63
MUS,M,2015,1.0,364047582.0,8.41
MUS,M,2015,2.0,1327669962.0,30.67
MUS,M,2015,3.0,1397518481.0,32.29
MUS,M,2016,0.0,1194201139.328,26.16
MUS,M,2016,1.0,354460963.7,7.77
MUS,M,2016,2.0,1453721539.652,31.85
MUS,M,2016,3.0,1562172512.539,34.22
MUS,M,2017,0.0,1256508642.503,24.23
MUS,M,2017,1.0,404844803.96099997,7.81
MUS,M,2017,2.0,1628811190.311,31.41
MUS,M,2017,3.0,1895429742.436,36.55
MUS,M,2018,0.0,1411556333.688,25.21
MUS,M,2018,1.0,1433774262.995,25.61
MUS,M,2018,2.0,798572184.48,14.26
MUS,M,2018,3.0,1954664774.571,34.91
MUS,M,2019,0.0,1561419650.9290001,28.31
MUS,M,2019,1.0,1280692149.109,23.22
MUS,M,2019,2.0,733088086.308,13.29
MUS,M,2019,3.0,1939264811.477,35.17
MUS,M,2020,0.0,1356304841.537,32.63
MUS,M,2020,1.0,807420416.5600001,19.43
MUS,M,2020,2.0,569713876.736,13.71
MUS,M,2020,3.0,1422810453.5709999,34.23
MUS,M,2021,0.0,1506899444.443,29.59
MUS,M,2021,1.0,1271329142.345,24.96
MUS,M,2021,2.0,773399862.852,15.19
MUS,M,2021,3.0,1540875369.8339999,30.26
MUS,M,2022,0.0,2459726913.743,37.7
MUS,M,2022,1.0,1220164114.411,18.7
MUS,M,2022,2.0,1045195933.8449999,16.02
MUS,M,2022,3.0,1799520941.382,27.58
MUS,M,2023,0.0,2141691112.564,34.61
MUS,M,2023,1.0,1145501834.258,18.51
MUS,M,2023,2.0,959098270.3590001,15.5
MUS,M,2023,3.0,1941184445.725,31.37
MUS,M,2024,0.0,2214960742.757,33.81
MUS,M,2024,1.0,1296611092.46,19.79
MUS,M,2024,2.0,1124755871.43,17.17
MUS,M,2024,3.0,1914182690.95,29.22
MUS,X,2000,0.0,14590890.0,0.98
MUS,X,2000,1.0,26788472.0,1.8
MUS,X,2000,2.0,90957951.0,6.11
MUS,X,2000,3.0,1355665602.0,91.11
MUS,X,2001,0.0,17714878.0,1.12
MUS,X,2001,1.0,32405053.0,2.04
MUS,X,2001,2.0,132615399.0,8.37
MUS,X,2001,3.0,1402395518.0,88.47
MUS,X,2002,0.0,35448697.0,2.03
MUS,X,2002,1.0,120813711.0,6.93
MUS,X,2002,2.0,14004309.0,0.8
MUS,X,2002,3.0,1572375257.0,90.23
MUS,X,2003,0.0,34205407.0,1.83
MUS,X,2003,1.0,132109551.0,7.08
MUS,X,2003,2.0,16094739.0,0.86
MUS,X,2003,3.0,1684512958.0,90.23
MUS,X,2004,0.0,45111336.0,2.36
MUS,X,2004,1.0,144385321.0,7.55
MUS,X,2004,2.0,49782832.0,2.6
MUS,X,2004,3.0,1672462887.0,87.48
MUS,X,2005,0.0,187935280.0,9.51
MUS,X,2005,1.0,162516334.0,8.23
MUS,X,2005,2.0,37961206.0,1.92
MUS,X,2005,3.0,1587260188.0,80.34
MUS,X,2006,0.0,271914724.0,12.8
MUS,X,2006,1.0,154538248.0,7.27
MUS,X,2006,2.0,51927492.0,2.44
MUS,X,2006,3.0,1646300966.0,77.48
MUS,X,2007,0.0,97511689.0,4.8
MUS,X,2007,1.0,191145802.0,9.41
MUS,X,2007,2.0,41413421.0,2.04
MUS,X,2007,3.0,1700750343.0,83.75
MUS,X,2008,0.0,101757266.0,4.91
MUS,X,2008,1.0,203990382.0,9.84
MUS,X,2008,2.0,44872277.0,2.17
MUS,X,2008,3.0,1721659830.0,83.08
MUS,X,2009,0.0,28763971.0,1.64
MUS,X,2009,1.0,199726165.0,11.4
MUS,X,2009,2.0,31590939.0,1.8
MUS,X,2009,3.0,1491362563.0,85.15
MUS,X,2010,0.0,39687877.0,2.17
MUS,X,2010,1.0,205658189.0,11.25
MUS,X,2010,2.0,55447310.0,3.03
MUS,X,2010,3.0,1527954504.0,83.55
MUS,X,2011,0.0,170542290.0,7.64
MUS,X,2011,1.0,103798762.0,4.65
MUS,X,2011,2.0,59808041.0,2.68
MUS,X,2011,3.0,1897472765.0,85.03
MUS,X,2012,0.0,206900169.0,9.27
MUS,X,2012,1.0,108758322.0,4.87
MUS,X,2012,2.0,55649559.0,2.49
MUS,X,2012,3.0,1860611831.0,83.36
MUS,X,2013,0.0,284976397.0,12.37
MUS,X,2013,1.0,129377398.0,5.62
MUS,X,2013,2.0,47113832.0,2.05
MUS,X,2013,3.0,1841634925.0,79.96
MUS,X,2014,0.0,419627212.0,15.96
MUS,X,2014,1.0,296820569.0,11.29
MUS,X,2014,2.0,238273464.0,9.06
MUS,X,2014,3.0,1674238434.0,63.68
MUS,X,2015,0.0,452564719.0,18.5
MUS,X,2015,1.0,284343706.0,11.63
MUS,X,2015,2.0,282234066.0,11.54
MUS,X,2015,3.0,1426619031.0,58.33
MUS,X,2016,0.0,226457994.47,10.47
MUS,X,2016,1.0,240571640.1,11.12
MUS,X,2016,2.0,278683636.198,12.88
MUS,X,2016,3.0,1417978036.783,65.54
MUS,X,2017,0.0,149976195.721,7.21
MUS,X,2017,1.0,220878537.30800003,10.62
MUS,X,2017,2.0,283451237.25,13.63
MUS,X,2017,3.0,1424699289.089,68.53
MUS,X,2018,0.0,166575406.99899998,8.49
MUS,X,2018,1.0,292367140.295,14.89
MUS,X,2018,2.0,244041724.78,12.43
MUS,X,2018,3.0,1260050876.082,64.19
MUS,X,2019,0.0,71125319.254,3.84
MUS,X,2019,1.0,380461673.54399997,20.56
MUS,X,2019,2.0,227075789.30800003,12.27
MUS,X,2019,3.0,1172047891.216,63.33
MUS,X,2020,0.0,60462053.774,3.98
MUS,X,2020,1.0,300494282.84,19.78
MUS,X,2020,2.0,207459093.312,13.66
MUS,X,2020,3.0,950718380.819,62.58
MUS,X,2021,0.0,93858699.32699999,5.72
MUS,X,2021,1.0,210423917.752,12.82
MUS,X,2021,2.0,400624247.842,24.42
MUS,X,2021,3.0,935969819.567,57.04
MUS,X,2022,0.0,172720754.789,9.38
MUS,X,2022,1.0,345331243.738,18.74
MUS,X,2022,2.0,287438108.579,15.6
MUS,X,2022,3.0,1036811566.543,56.28
MUS,X,2023,0.0,173780457.778,9.54
MUS,X,2023,1.0,259622474.42,14.25
MUS,X,2023,2.0,285480136.949,15.67
MUS,X,2023,3.0,1103309284.5149999,60.55
MUS,X,2024,0.0,100297081.59,5.95
MUS,X,2024,1.0,294840020.473,17.48
MUS,X,2024,2.0,297508204.584,17.64
MUS,X,2024,3.0,994096706.192,58.94
NIC,M,2000,0.0,24237056.0,1.44
NIC,M,2000,1.0,160094044.0,9.52
NIC,M,2000,2.0,632871012.0,37.64
NIC,M,2000,3.0,864035991.0,51.39
NIC,M,2001,0.0,45902389.0,2.66
NIC,M,2001,1.0,26821087.0,1.56
NIC,M,2001,2.0,731631605.0,42.45
NIC,M,2001,3.0,919057254.0,53.33
NIC,M,2002,0.0,77063341.0,4.42
NIC,M,2002,1.0,26380827.0,1.51
NIC,M,2002,2.0,696896833.0,39.93
NIC,M,2002,3.0,944965148.0,54.14
NIC,M,2003,0.0,92846719.0,4.97
NIC,M,2003,1.0,214969777.0,11.51
NIC,M,2003,2.0,579213625.0,31.01
NIC,M,2003,3.0,980628008.0,52.51
NIC,M,2004,0.0,128044750.0,5.94
NIC,M,2004,1.0,326424980.0,15.15
NIC,M,2004,2.0,680711380.0,31.59
NIC,M,2004,3.0,1019949480.0,47.33
NIC,M,2005,0.0,162293570.0,6.72
NIC,M,2005,1.0,233318010.0,9.66
NIC,M,2005,2.0,873549270.0,36.16
NIC,M,2005,3.0,1146529740.0,47.46
NIC,M,2006,0.0,221094691.0,8.47
NIC,M,2006,1.0,249494917.0,9.56
NIC,M,2006,2.0,946191729.0,36.26
NIC,M,2006,3.0,1192924719.0,45.71
NIC,M,2007,0.0,300503837.0,8.73
NIC,M,2007,1.0,223259606.0,6.49
NIC,M,2007,2.0,1341540473.0,38.97
NIC,M,2007,3.0,1576939076.0,45.81
NIC,M,2008,0.0,367363967.0,9.5
NIC,M,2008,1.0,517291663.0,13.38
NIC,M,2008,2.0,1331773823.0,34.45
NIC,M,2008,3.0,1649276263.0,42.66
NIC,M,2009,0.0,275950712.0,8.14
NIC,M,2009,1.0,684153422.0,20.19
NIC,M,2009,2.0,992469937.0,29.29
NIC,M,2009,3.0,1435815752.0,42.37
NIC,M,2010,0.0,381559332.0,9.26
NIC,M,2010,1.0,940380233.0,22.81
NIC,M,2010,2.0,1011111891.0,24.53
NIC,M,2010,3.0,1788786011.0,43.4
NIC,M,2011,0.0,484316657.0,10.03
NIC,M,2011,1.0,1088968152.0,22.54
NIC,M,2011,2.0,1259721090.0,26.08
NIC,M,2011,3.0,1997192299.0,41.35
NIC,M,2012,0.0,604959563.0,11.09
NIC,M,2012,1.0,1153420321.0,21.14
NIC,M,2012,2.0,1402205775.0,25.71
NIC,M,2012,3.0,2294317727.0,42.06
NIC,M,2013,0.0,653316418.0,14.01
NIC,M,2013,1.0,469224677.0,10.06
NIC,M,2013,2.0,1471348234.0,31.54
NIC,M,2013,3.0,2070706691.0,44.39
NIC,M,2014,0.0,893596429.0,16.7
NIC,M,2014,1.0,806705805.0,15.08
NIC,M,2014,2.0,1562233569.0,29.2
NIC,M,2014,3.0,2087396734.0,39.02
NIC,M,2015,0.0,1014556519.0,18.53
NIC,M,2015,1.0,336873298.0,6.15
NIC,M,2015,2.0,1791519944.0,32.71
NIC,M,2015,3.0,2333675715.0,42.61
NIC,M,2016,0.0,1366824872.49,18.85
NIC,M,2016,1.0,584844046.81,8.06
NIC,M,2016,2.0,2269009496.38,31.29
NIC,M,2016,3.0,3031920925.46,41.8
NIC,M,2017,0.0,1306502125.24,17.39
NIC,M,2017,1.0,655861809.57,8.73
NIC,M,2017,2.0,2362401741.1,31.44
NIC,M,2017,3.0,3190028411.87,42.45
NIC,M,2018,0.0,1066050642.6,14.75
NIC,M,2018,1.0,852343191.11,11.79
NIC,M,2018,2.0,2067939644.72,28.61
NIC,M,2018,3.0,3242369324.43,44.85
NIC,M,2019,0.0,952039295.3900001,13.71
NIC,M,2019,1.0,919811894.73,13.25
NIC,M,2019,2.0,2025003401.17,29.17
NIC,M,2019,3.0,3044865454.11,43.86
NIC,M,2020,0.0,950952461.78,14.64
NIC,M,2020,1.0,808071055.79,12.44
NIC,M,2020,2.0,2014570775.42,31.01
NIC,M,2020,3.0,2722596634.3,41.91
NIC,M,2021,0.0,1313891208.74,13.47
NIC,M,2021,1.0,1306952847.91,13.4
NIC,M,2021,2.0,2713985595.23,27.83
NIC,M,2021,3.0,4418496547.89,45.3
NIC,M,2022,0.0,1533141809.3899999,13.71
NIC,M,2022,1.0,2132773977.17,19.07
NIC,M,2022,2.0,2759943105.23,24.68
NIC,M,2022,3.0,4759026628.31,42.55
NIC,M,2023,0.0,1550313879.23,14.27
NIC,M,2023,1.0,1021613952.79,9.4
NIC,M,2023,2.0,3936535609.59,36.23
NIC,M,2023,3.0,4357250392.429999,40.1
NIC,X,2000,0.0,4160544.0,0.66
NIC,X,2000,1.0,20839534.0,3.33
NIC,X,2000,2.0,152859117.0,24.43
NIC,X,2000,3.0,447852891.0,71.57
NIC,X,2001,0.0,2405646.0,0.45
NIC,X,2001,1.0,43181208.0,8.14
NIC,X,2001,2.0,181743358.0,34.28
NIC,X,2001,3.0,302840339.0,57.12
NIC,X,2002,0.0,1910217.0,0.34
NIC,X,2002,1.0,14106712.0,2.53
NIC,X,2002,2.0,181201750.0,32.49
NIC,X,2002,3.0,360556765.0,64.64
NIC,X,2003,0.0,2485303.0,0.41
NIC,X,2003,1.0,15662186.0,2.61
NIC,X,2003,2.0,213574961.0,35.64
NIC,X,2003,3.0,367591706.0,61.34
NIC,X,2004,0.0,5125890.0,0.68
NIC,X,2004,1.0,7434030.0,0.98
NIC,X,2004,2.0,253545800.0,33.48
NIC,X,2004,3.0,491122340.0,64.86
NIC,X,2005,0.0,10456940.0,1.22
NIC,X,2005,1.0,28491210.0,3.31
NIC,X,2005,2.0,296800240.0,34.53
NIC,X,2005,3.0,523730120.0,60.94
NIC,X,2006,0.0,11654044.0,1.55
NIC,X,2006,1.0,10699492.0,1.43
NIC,X,2006,2.0,138765679.0,18.51
NIC,X,2006,3.0,588546676.0,78.51
NIC,X,2007,0.0,12000275.0,1.01
NIC,X,2007,1.0,25843829.0,2.18
NIC,X,2007,2.0,428131650.0,36.18
NIC,X,2007,3.0,717228508.0,60.62
NIC,X,2008,0.0,16176699.0,0.76
NIC,X,2008,1.0,41500550.0,1.95
NIC,X,2008,2.0,619642490.0,29.09
NIC,X,2008,3.0,1452425905.0,68.2
NIC,X,2009,0.0,9081255.0,0.66
NIC,X,2009,1.0,128563916.0,9.35
NIC,X,2009,2.0,448409818.0,32.6
NIC,X,2009,3.0,789487275.0,57.39
NIC,X,2010,0.0,14839983.0,0.82
NIC,X,2010,1.0,344244714.0,18.95
NIC,X,2010,2.0,375657287.0,20.68
NIC,X,2010,3.0,1081975665.0,59.56
NIC,X,2011,0.0,28732149.0,1.28
NIC,X,2011,1.0,395791525.0,17.66
NIC,X,2011,2.0,407150571.0,18.17
NIC,X,2011,3.0,1409528093.0,62.89
NIC,X,2012,0.0,28270362.0,0.63
NIC,X,2012,1.0,598112941.0,13.29
NIC,X,2012,2.0,896985661.0,19.92
NIC,X,2012,3.0,2978441807.0,66.16
NIC,X,2013,0.0,37149387.0,0.82
NIC,X,2013,1.0,555323256.0,12.27
NIC,X,2013,2.0,1019103566.0,22.53
NIC,X,2013,3.0,2912485428.0,64.38
NIC,X,2014,0.0,51271399.0,1.05
NIC,X,2014,1.0,589799592.0,12.05
NIC,X,2014,2.0,1033611769.0,21.13
NIC,X,2014,3.0,3217891025.0,65.77
NIC,X,2015,0.0,41904405.0,0.92
NIC,X,2015,1.0,502084973.0,10.96
NIC,X,2015,2.0,986378247.0,21.54
NIC,X,2015,3.0,3048811459.0,66.58
NIC,X,2016,0.0,38163255.39,0.85
NIC,X,2016,1.0,307378416.24,6.81
NIC,X,2016,2.0,1101077043.9799998,24.38
NIC,X,2016,3.0,3068825983.83,67.96
NIC,X,2017,0.0,62783329.36,1.31
NIC,X,2017,1.0,326052968.01,6.79
NIC,X,2017,2.0,864738128.95,18.01
NIC,X,2017,3.0,3547278644.3700004,73.89
NIC,X,2018,0.0,115730531.26,2.36
NIC,X,2018,1.0,286223051.25,5.83
NIC,X,2018,2.0,809441152.83,16.47
NIC,X,2018,3.0,3701809469.7,75.34
NIC,X,2019,0.0,63100787.12,1.23
NIC,X,2019,1.0,318429165.54,6.19
NIC,X,2019,2.0,867695831.23,16.86
NIC,X,2019,3.0,3898611370.92,75.73
NIC,X,2020,0.0,50982405.78,1.03
NIC,X,2020,1.0,256518254.79999998,5.18
NIC,X,2020,2.0,977959120.22,19.74
NIC,X,2020,3.0,3669403413.2,74.06
NIC,X,2021,0.0,67626543.81,1.06
NIC,X,2021,1.0,408697676.78999996,6.41
NIC,X,2021,2.0,1529815535.99,24.01
NIC,X,2021,3.0,4365414066.36,68.51
NIC,X,2022,0.0,81076056.86,1.12
NIC,X,2022,1.0,1062165962.0,14.64
NIC,X,2022,2.0,1385262332.85,19.09
NIC,X,2022,3.0,4726123160.95,65.15
NIC,X,2023,0.0,102549535.27,1.4
NIC,X,2023,1.0,553517300.0,7.54
NIC,X,2023,2.0,2182805405.51,29.74
NIC,X,2023,3.0,4501980745.87,61.33
POL,M,2000,0.0,1599606000.0,3.36
POL,M,2000,1.0,5995454000.0,12.58
POL,M,2000,2.0,1541973000.0,3.24
POL,M,2000,3.0,38519089000.0,80.83
POL,M,2001,0.0,1850172000.0,3.78
POL,M,2001,1.0,6008434000.0,12.29
POL,M,2001,2.0,2013135000.0,4.12
POL,M,2001,3.0,39027850000.0,79.81
POL,M,2002,0.0,2340623000.0,4.36
POL,M,2002,1.0,6165674000.0,11.49
POL,M,2002,2.0,2364196000.0,4.4
POL,M,2002,3.0,42813976000.0,79.75
POL,M,2003,0.0,3232129000.0,4.87
POL,M,2003,1.0,7671846000.0,11.55
POL,M,2003,2.0,2918584000.0,4.4
POL,M,2003,3.0,52580376000.0,79.18
POL,M,2004,0.0,4624033850.0,5.33
POL,M,2004,1.0,10067821839.0,11.6
POL,M,2004,2.0,4382434324.0,5.05
POL,M,2004,3.0,67753160104.0,78.03
POL,M,2005,0.0,6294641862.0,6.29
POL,M,2005,1.0,12992328522.0,12.98
POL,M,2005,2.0,4850819229.0,4.85
POL,M,2005,3.0,75936516849.0,75.88
POL,M,2006,0.0,8612169634.0,6.99
POL,M,2006,1.0,17410921295.0,14.14
POL,M,2006,2.0,5815651918.0,4.72
POL,M,2006,3.0,91310034799.0,74.15
POL,M,2007,0.0,12846854270.0,8.01
POL,M,2007,1.0,19141642403.0,11.93
POL,M,2007,2.0,8895974685.0,5.55
POL,M,2007,3.0,119525391330.0,74.51
POL,M,2008,0.0,20605671591.0,9.97
POL,M,2008,1.0,24996862642.0,12.09
POL,M,2008,2.0,11065026907.0,5.35
POL,M,2008,3.0,150063603004.0,72.59
POL,M,2009,0.0,14980909816.0,10.18
POL,M,2009,1.0,17143742442.0,11.64
POL,M,2009,2.0,8308870507.0,5.64
POL,M,2009,3.0,106798602347.0,72.54
POL,M,2010,0.0,17816080495.0,10.41
POL,M,2010,1.0,23465359746.0,13.71
POL,M,2010,2.0,9993888929.0,5.84
POL,M,2010,3.0,119889428591.0,70.04
POL,M,2011,0.0,19842362730.0,9.61
POL,M,2011,1.0,34437111289.0,16.69
POL,M,2011,2.0,13506465110.0,6.54
POL,M,2011,3.0,138588065510.0,67.15
POL,M,2012,0.0,19034367428.0,10.08
POL,M,2012,1.0,36269326369.0,19.2
POL,M,2012,2.0,11921337560.0,6.31
POL,M,2012,3.0,121663044869.0,64.41
POL,M,2013,0.0,21327840799.0,10.53
POL,M,2013,1.0,33310125344.0,16.45
POL,M,2013,2.0,13782902904.0,6.81
POL,M,2013,3.0,134112675604.0,66.22
POL,M,2014,0.0,25384698061.0,11.92
POL,M,2014,1.0,35890750877.0,16.86
POL,M,2014,2.0,13261913941.0,6.23
POL,M,2014,3.0,138390244269.0,64.99
POL,M,2015,0.0,25478313287.0,13.68
POL,M,2015,1.0,25753499481.0,13.83
POL,M,2015,2.0,12070327367.0,6.48
POL,M,2015,3.0,122917803130.0,66.01
POL,M,2016,0.0,27321200659.0,14.7
POL,M,2016,1.0,22480388931.0,12.09
POL,M,2016,2.0,12717701767.0,6.84
POL,M,2016,3.0,123386493018.0,66.37
POL,M,2017,0.0,31329979143.0,14.55
POL,M,2017,1.0,27597551145.0,12.81
POL,M,2017,2.0,16685141994.0,7.75
POL,M,2017,3.0,139746454976.0,64.89
POL,M,2018,0.0,38036672922.0,14.37
POL,M,2018,1.0,38871937333.0,14.69
POL,M,2018,2.0,17627803982.0,6.66
POL,M,2018,3.0,170097826177.0,64.28
POL,M,2019,0.0,34860360519.0,14.36
POL,M,2019,1.0,41112239189.0,16.93
POL,M,2019,2.0,12438091367.0,5.12
POL,M,2019,3.0,154425940510.0,63.59
POL,M,2020,0.0,40606372962.0,16.17
POL,M,2020,1.0,35130493060.0,13.99
POL,M,2020,2.0,19738317179.0,7.86
POL,M,2020,3.0,155706667500.0,61.99
POL,M,2021,0.0,56016012096.0,16.92
POL,M,2021,1.0,51014048962.0,15.41
POL,M,2021,2.0,38469049197.0,11.62
POL,M,2021,3.0,185477548515.0,56.04
POL,M,2022,0.0,74645802556.0,19.57
POL,M,2022,1.0,47709099433.0,12.51
POL,M,2022,2.0,51663661327.0,13.54
POL,M,2022,3.0,207478959245.0,54.39
POL,M,2023,0.0,70313635623.0,19.24
POL,M,2023,1.0,38202785427.0,10.45
POL,M,2023,2.0,32807359299.0,8.97
POL,M,2023,3.0,224226675934.0,61.34
POL,M,2024,0.0,73689624916.0,19.74
POL,M,2024,1.0,39464771058.0,10.57
POL,M,2024,2.0,38551907582.0,10.33
POL,M,2024,3.0,221517433961.0,59.35
POL,X,2000,0.0,332298000.0,1.08
POL,X,2000,1.0,2516092000.0,8.18
POL,X,2000,2.0,1060067000.0,3.45
POL,X,2000,3.0,26842825000.0,87.29
POL,X,2001,0.0,393365000.0,1.12
POL,X,2001,1.0,2970217000.0,8.47
POL,X,2001,2.0,1340275000.0,3.82
POL,X,2001,3.0,30355303000.0,86.58
POL,X,2002,0.0,455732000.0,1.14
POL,X,2002,1.0,3284684000.0,8.22
POL,X,2002,2.0,1542901000.0,3.86
POL,X,2002,3.0,34693281000.0,86.78
POL,X,2003,0.0,572069000.0,1.09
POL,X,2003,1.0,4158590000.0,7.93
POL,X,2003,2.0,2035729000.0,3.88
POL,X,2003,3.0,45672617000.0,87.1
POL,X,2004,0.0,1034530114.0,1.41
POL,X,2004,1.0,6426425633.0,8.77
POL,X,2004,2.0,3411081394.0,4.66
POL,X,2004,3.0,62385663441.0,85.16
POL,X,2005,0.0,1360155658.0,1.54
POL,X,2005,1.0,8445812717.0,9.53
POL,X,2005,2.0,4487966866.0,5.07
POL,X,2005,3.0,74304867948.0,83.87
POL,X,2006,0.0,1598899489.0,1.47
POL,X,2006,1.0,11526493836.0,10.59
POL,X,2006,2.0,5174596120.0,4.75
POL,X,2006,3.0,90547521376.0,83.19
POL,X,2007,0.0,2096911913.0,1.52
POL,X,2007,1.0,9658655247.0,7.01
POL,X,2007,2.0,12975127907.0,9.41
POL,X,2007,3.0,113092088701.0,82.06
POL,X,2008,0.0,3650168391.0,2.14
POL,X,2008,1.0,12963709302.0,7.6
POL,X,2008,2.0,15405009033.0,9.03
POL,X,2008,3.0,138667553407.0,81.24
POL,X,2009,0.0,2752964003.0,2.03
POL,X,2009,1.0,8787974417.0,6.47
POL,X,2009,2.0,10044222246.0,7.39
POL,X,2009,3.0,114345405054.0,84.12
POL,X,2010,0.0,2691744826.0,1.72
POL,X,2010,1.0,11133951235.0,7.12
POL,X,2010,2.0,11318288582.0,7.24
POL,X,2010,3.0,131183589084.0,83.92
POL,X,2011,0.0,3317652052.0,1.77
POL,X,2011,1.0,18252686510.0,9.76
POL,X,2011,2.0,14709997406.0,7.87
POL,X,2011,3.0,150706727527.0,80.6
POL,X,2012,0.0,3781462624.0,2.12
POL,X,2012,1.0,20497312272.0,11.48
POL,X,2012,2.0,14218508716.0,7.96
POL,X,2012,3.0,140019063630.0,78.43
POL,X,2013,0.0,4615106302.0,2.28
POL,X,2013,1.0,22871103270.0,11.3
POL,X,2013,2.0,16616573150.0,8.21
POL,X,2013,3.0,158366302172.0,78.22
POL,X,2014,0.0,5942342786.0,2.79
POL,X,2014,1.0,22842857243.0,10.73
POL,X,2014,2.0,17977816881.0,8.45
POL,X,2014,3.0,166067527390.0,78.03
POL,X,2015,0.0,5115701860.0,2.66
POL,X,2015,1.0,17673651513.0,9.18
POL,X,2015,2.0,13879474922.0,7.21
POL,X,2015,3.0,155893607996.0,80.96
POL,X,2016,0.0,4996983364.0,2.56
POL,X,2016,1.0,17826290951.0,9.14
POL,X,2016,2.0,14271614740.0,7.32
POL,X,2016,3.0,157920581195.0,80.98
POL,X,2017,0.0,5395352632.0,2.45
POL,X,2017,1.0,20267081246.0,9.2
POL,X,2017,2.0,20657779348.0,9.38
POL,X,2017,3.0,173900906977.0,78.97
POL,X,2018,0.0,6023675755.0,2.31
POL,X,2018,1.0,22670268040.0,8.7
POL,X,2018,2.0,22801334440.0,8.75
POL,X,2018,3.0,209173440010.0,80.24
POL,X,2019,0.0,6042674073.0,2.41
POL,X,2019,1.0,29100487722.0,11.62
POL,X,2019,2.0,15806580430.0,6.31
POL,X,2019,3.0,199505302087.0,79.66
POL,X,2020,0.0,6318724642.0,2.5
POL,X,2020,1.0,23700316457.0,9.39
POL,X,2020,2.0,27536637531.0,10.91
POL,X,2020,3.0,194912478883.0,77.2
POL,X,2021,0.0,6901608919.0,2.19
POL,X,2021,1.0,28497901108.0,9.06
POL,X,2021,2.0,56218389383.0,17.88
POL,X,2021,3.0,222813399761.0,70.86
POL,X,2022,0.0,7994607422.0,2.2
POL,X,2022,1.0,28170538808.0,7.76
POL,X,2022,2.0,79595678636.0,21.93
POL,X,2022,3.0,247122730616.0,68.1
POL,X,2023,0.0,8930096479.0,2.35
POL,X,2023,1.0,42280734914.0,11.14
POL,X,2023,2.0,47628277735.0,12.54
POL,X,2023,3.0,280843915354.0,73.97
POL,X,2024,0.0,8585424348.0,2.27
POL,X,2024,1.0,43188353928.0,11.43
POL,X,2024,2.0,53469808634.0,14.15
POL,X,2024,3.0,272711559029.0,72.15
SVN,M,2000,0.0,167057878.0,1.67
SVN,M,2000,1.0,894827388.0,8.95
SVN,M,2000,2.0,384438185.0,3.85
SVN,M,2000,3.0,8550786548.0,85.53
SVN,M,2001,0.0,192851420.0,1.93
SVN,M,2001,1.0,490928063.0,4.91
SVN,M,2001,2.0,858870300.0,8.58
SVN,M,2001,3.0,8463446481.0,84.58
SVN,M,2002,0.0,260792722.0,2.43
SVN,M,2002,1.0,472477511.0,4.4
SVN,M,2002,2.0,895333684.0,8.35
SVN,M,2002,3.0,9098559969.0,84.82
SVN,M,2003,0.0,374164979.0,2.76
SVN,M,2003,1.0,612583198.0,4.52
SVN,M,2003,2.0,1177165775.0,8.68
SVN,M,2003,3.0,11394302178.0,84.04
SVN,M,2004,0.0,542569472.0,3.25
SVN,M,2004,1.0,719403206.0,4.31
SVN,M,2004,2.0,1564370017.0,9.38
SVN,M,2004,3.0,13847856189.0,83.05
SVN,M,2005,0.0,653603813.0,3.53
SVN,M,2005,1.0,771339212.0,4.16
SVN,M,2005,2.0,2035937250.0,10.99
SVN,M,2005,3.0,15068840281.0,81.32
SVN,M,2006,0.0,820900089.0,3.69
SVN,M,2006,1.0,911370520.0,4.09
SVN,M,2006,2.0,2867478600.0,12.88
SVN,M,2006,3.0,17664896636.0,79.34
SVN,M,2007,0.0,1212123255.0,4.22
SVN,M,2007,1.0,1221105087.0,4.25
SVN,M,2007,2.0,3873338723.0,13.48
SVN,M,2007,3.0,22432149960.0,78.06
SVN,M,2008,0.0,1966631105.0,6.01
SVN,M,2008,1.0,1148253656.0,3.51
SVN,M,2008,2.0,3421756824.0,10.45
SVN,M,2008,3.0,26193854537.0,80.03
SVN,M,2009,0.0,1350067734.0,5.9
SVN,M,2009,1.0,890527209.0,3.89
SVN,M,2009,2.0,2548319105.0,11.13
SVN,M,2009,3.0,18109995726.0,79.09
SVN,M,2010,0.0,1635993289.0,6.45
SVN,M,2010,1.0,1110573631.0,4.38
SVN,M,2010,2.0,3005260087.0,11.85
SVN,M,2010,3.0,19598821462.0,77.31
SVN,M,2011,0.0,1819495324.0,6.06
SVN,M,2011,1.0,1338709100.0,4.46
SVN,M,2011,2.0,4668878086.0,15.54
SVN,M,2011,3.0,22214218780.0,73.95
SVN,M,2012,0.0,1883383837.0,6.93
SVN,M,2012,1.0,1269263169.0,4.67
SVN,M,2012,2.0,4080279800.0,15.01
SVN,M,2012,3.0,19944121347.0,73.39
SVN,M,2013,0.0,1682522597.0,5.88
SVN,M,2013,1.0,1198781649.0,4.19
SVN,M,2013,2.0,4451318577.0,15.55
SVN,M,2013,3.0,21295168231.0,74.39
SVN,M,2014,0.0,2095235213.0,7.17
SVN,M,2014,1.0,1732999320.0,5.93
SVN,M,2014,2.0,4594177850.0,15.72
SVN,M,2014,3.0,20802093258.0,71.18
SVN,M,2015,0.0,1928698103.0,7.57
SVN,M,2015,1.0,1769538935.0,6.95
SVN,M,2015,2.0,3770284355.0,14.8
SVN,M,2015,3.0,17997788266.0,70.67
SVN,M,2016,0.0,2096423941.41,7.95
SVN,M,2016,1.0,1837649804.68,6.96
SVN,M,2016,2.0,3930433092.6600003,14.9
SVN,M,2016,3.0,18521918276.07,70.19
SVN,M,2017,0.0,2362167773.63,7.69
SVN,M,2017,1.0,2298614640.56,7.49
SVN,M,2017,2.0,5271958914.36,17.17
SVN,M,2017,3.0,20772835927.97,67.65
SVN,M,2018,0.0,2724983313.39,7.62
SVN,M,2018,1.0,3096691433.39,8.66
SVN,M,2018,2.0,5896074637.09,16.49
SVN,M,2018,3.0,24035462758.65,67.23
SVN,M,2019,0.0,2660685026.1,7.08
SVN,M,2019,1.0,4651911296.440001,12.37
SVN,M,2019,2.0,4808143144.29,12.79
SVN,M,2019,3.0,25472227960.329998,67.76
SVN,M,2020,0.0,2882772118.27,8.0
SVN,M,2020,1.0,4650004450.339,12.9
SVN,M,2020,2.0,4986556540.63,13.83
SVN,M,2020,3.0,23533667427.754,65.28
SVN,M,2021,0.0,7009684341.637,14.43
SVN,M,2021,1.0,5588438009.731,11.5
SVN,M,2021,2.0,7936178652.818001,16.33
SVN,M,2021,3.0,28051850366.413002,57.74
SVN,M,2022,0.0,9112559113.878,15.47
SVN,M,2022,1.0,6745373121.0,11.45
SVN,M,2022,2.0,12711977588.889,21.58
SVN,M,2022,3.0,30348136885.068,51.51
SVN,M,2023,0.0,11575291130.358,18.92
SVN,M,2023,1.0,6817132633.981999,11.14
SVN,M,2023,2.0,10818008499.061,17.68
SVN,M,2023,3.0,31975029352.915,52.26
SVN,M,2024,0.0,10729522795.984001,14.44
SVN,M,2024,1.0,11574340805.838,15.58
SVN,M,2024,2.0,11315882741.291,15.23
SVN,M,2024,3.0,40680759176.568,54.75
SVN,X,2000,0.0,68878306.0,0.8
SVN,X,2000,1.0,1194680481.0,13.94
SVN,X,2000,2.0,606148432.0,7.07
SVN,X,2000,3.0,6699825072.0,78.18
SVN,X,2001,0.0,73359239.0,0.82
SVN,X,2001,1.0,614451269.0,6.83
SVN,X,2001,2.0,1418732362.0,15.77
SVN,X,2001,3.0,6890192659.0,76.59
SVN,X,2002,0.0,110824065.0,1.11
SVN,X,2002,1.0,721372598.0,7.21
SVN,X,2002,2.0,1619324250.0,16.18
SVN,X,2002,3.0,7554122159.0,75.5
SVN,X,2003,0.0,108458674.0,0.88
SVN,X,2003,1.0,751613013.0,6.09
SVN,X,2003,2.0,2181491609.0,17.67
SVN,X,2003,3.0,9306419951.0,75.37
SVN,X,2004,0.0,138859153.0,0.91
SVN,X,2004,1.0,1007939173.0,6.59
SVN,X,2004,2.0,2753146910.0,18.01
SVN,X,2004,3.0,11385906896.0,74.49
SVN,X,2005,0.0,144473866.0,0.84
SVN,X,2005,1.0,1063678490.0,6.18
SVN,X,2005,2.0,3029219704.0,17.6
SVN,X,2005,3.0,12970479315.0,75.38
SVN,X,2006,0.0,187975487.0,0.9
SVN,X,2006,1.0,1296582301.0,6.19
SVN,X,2006,2.0,4159024862.0,19.87
SVN,X,2006,3.0,15288105350.0,73.04
SVN,X,2007,0.0,309503000.0,1.17
SVN,X,2007,1.0,1604276983.0,6.06
SVN,X,2007,2.0,5502178835.0,20.77
SVN,X,2007,3.0,19072869098.0,72.0
SVN,X,2008,0.0,387395863.0,1.33
SVN,X,2008,1.0,1999614815.0,6.85
SVN,X,2008,2.0,5305382190.0,18.18
SVN,X,2008,3.0,21482428478.0,73.63
SVN,X,2009,0.0,283194171.0,1.27
SVN,X,2009,1.0,1435780907.0,6.42
SVN,X,2009,2.0,3902843931.0,17.46
SVN,X,2009,3.0,16737194082.0,74.86
SVN,X,2010,0.0,351948015.0,1.44
SVN,X,2010,1.0,1516231874.0,6.22
SVN,X,2010,2.0,3896005823.0,15.98
SVN,X,2010,3.0,18618235998.0,76.36
SVN,X,2011,0.0,392910576.0,1.36
SVN,X,2011,1.0,2129609886.0,7.37
SVN,X,2011,2.0,5271132204.0,18.24
SVN,X,2011,3.0,21110307015.0,73.04
SVN,X,2012,0.0,531554838.0,1.97
SVN,X,2012,1.0,2606656099.0,9.65
SVN,X,2012,2.0,4487090554.0,16.61
SVN,X,2012,3.0,19391588187.0,71.78
SVN,X,2013,0.0,462905858.0,1.62
SVN,X,2013,1.0,2724773615.0,9.55
SVN,X,2013,2.0,4984146782.0,17.48
SVN,X,2013,3.0,20348064735.0,71.35
SVN,X,2014,0.0,545729516.0,1.79
SVN,X,2014,1.0,2868790453.0,9.43
SVN,X,2014,2.0,6281715053.0,20.66
SVN,X,2014,3.0,20715484014.0,68.12
SVN,X,2015,0.0,565902585.0,2.14
SVN,X,2015,1.0,3011111640.0,11.38
SVN,X,2015,2.0,4538840917.0,17.15
SVN,X,2015,3.0,18352306928.0,69.34
SVN,X,2016,0.0,683287601.96,2.48
SVN,X,2016,1.0,2958060798.73,10.73
SVN,X,2016,2.0,4989651300.62,18.11
SVN,X,2016,3.0,18926432461.25,68.68
SVN,X,2017,0.0,767085044.53,2.41
SVN,X,2017,1.0,3273975367.84,10.3
SVN,X,2017,2.0,6734852294.48,21.19
SVN,X,2017,3.0,21000187992.34,66.09
SVN,X,2018,0.0,897487920.8,2.47
SVN,X,2018,1.0,3451850682.33,9.5
SVN,X,2018,2.0,7725191955.49,21.26
SVN,X,2018,3.0,24266477506.850002,66.77
SVN,X,2019,0.0,750479408.26,2.01
SVN,X,2019,1.0,4747135090.5199995,12.68
SVN,X,2019,2.0,6940658066.5,18.54
SVN,X,2019,3.0,24991965671.68,66.77
SVN,X,2020,0.0,743873386.65,1.99
SVN,X,2020,1.0,4376532283.49,11.72
SVN,X,2020,2.0,7426586814.7960005,19.88
SVN,X,2020,3.0,24803040466.256,66.41
SVN,X,2021,0.0,1008684244.166,2.17
SVN,X,2021,1.0,4905199323.483,10.56
SVN,X,2021,2.0,10155124702.345,21.85
SVN,X,2021,3.0,30400797090.765,65.42
SVN,X,2022,0.0,1080979407.193,1.96
SVN,X,2022,1.0,5372345011.073,9.74
SVN,X,2022,2.0,15155804710.387,27.49
SVN,X,2022,3.0,33525525935.952,60.81
SVN,X,2023,0.0,1090923266.473,1.84
SVN,X,2023,1.0,5709440367.896999,9.63
SVN,X,2023,2.0,14153560624.738,23.87
SVN,X,2023,3.0,38349742881.795,64.67
SVN,X,2024,0.0,1104688963.813,1.66
SVN,X,2024,1.0,5926854688.058,8.92
SVN,X,2024,2.0,14820748560.994999,22.31
SVN,X,2024,3.0,44567859116.959,67.1
